Country Name,Country Code,Region,IncomeGroup,Year,mil_spending,women_parliament,arms_imports,log_arms,tax_gdp,military_population,gov1rlc,HDI,Wom_right,RGDP,Corrup
Angola,AGO,Sub-Saharan Africa,Lower middle income,2000,12.88332161,15.5,147000000,18.80594314,28.70338216,1.746386095,Left,0.387,2,1976.21,65.552208
Argentina,ARG,Latin America & Caribbean,Upper middle income,2000,4.069854408,26.5,213000000,19.17680272,9.622603502,0.622004173,Center,0.771,2,10204.73,61.875698
Australia,AUS,East Asia & Pacific,High income,2000,5.182884007,23,338000000,19.63855645,23.07689981,0.537433549,Right,0.898,2,32829.961,17.592255
Austria,AUT,Europe & Central Asia,High income,2000,1.931590281,26.8,25000000,17.03438638,26.22507988,1.038714825,Right,0.838,3,31699.93,20.535347
Belgium,BEL,Europe & Central Asia,High income,2000,2.734241774,23.3,35000000,17.37085862,27.27474136,0.890918278,Right,0.873,2,28862.529,28.220789
Belize,BLZ,Latin America & Caribbean,Upper middle income,2000,2.700616698,6.9,1000000,13.81551056,17.82759422,1.22895416,Right,0.677,2,5701.8799,57.982933
Bolivia,BOL,Latin America & Caribbean,Lower middle income,2000,7.037180582,11.5,19000000,16.75994954,12.3308029,1.887094793,Right,0.608,2,2792.1399,65.042175
Brazil,BRA,Latin America & Caribbean,Upper middle income,2000,5.019227513,5.7,121000000,18.6113011,13.77485584,0.85677594,Right,0.684,2,7526.3101,57.94939
Switzerland,CHE,Europe & Central Asia,High income,2000,3.151658136,23,23000000,16.95100477,10.2046267,0.693080802,Left,0.889,2,35539.82,15.334621
Chile,CHL,Latin America & Caribbean,High income,2000,11.75607846,10.8,202000000,19.12377826,16.15269282,1.844572666,Center,0.759,2,9354.0498,36.099716
Colombia,COL,Latin America & Caribbean,Upper middle income,2000,11.47224133,11.8,60000000,17.90985512,11.21975419,1.350466655,Right,0.653,2,6058.6899,55.217922
Cyprus,CYP,Europe & Central Asia,High income,2000,8.070175439,7.1,4000000,15.20180492,35.53316817,2.426001343,Right,0.802,2,20047.029,31.933689
Cyprus,CYP,Europe & Central Asia,High income,2000,8.070175439,7.1,4000000,15.20180492,35.53316817,2.426001343,Right,NA,NA,NA,NA
Czech Republic,CZE,Europe & Central Asia,High income,2000,4.582870803,15,14000000,16.45456789,14.51693772,1.228350564,Left,0.796,2,17567.65,52.250816
Germany,DEU,Europe & Central Asia,High income,2000,3.226065307,30.9,113000000,18.54289838,11.70471625,0.549215564,Left,0.868,3,28540.49,20.132292
Germany,DEU,Europe & Central Asia,High income,2000,3.226065307,30.9,113000000,18.54289838,11.70471625,0.549215564,Left,NA,NA,NA,NA
Denmark,DNK,Europe & Central Asia,High income,2000,2.766243222,37.4,50000000,17.72753356,31.59411903,0.761386128,Left,0.863,3,32415.449,9.511837
Dominican Republic,DOM,Latin America & Caribbean,Upper middle income,2000,7.085468441,16.1,13000000,16.38045992,12.16441366,1.265922582,Center,0.657,2,5867.1001,64.394592
Spain,ESP,Europe & Central Asia,High income,2000,4.405396543,28.3,331000000,19.61762893,16.19214912,1.323620361,Right,0.825,2,23479.23,35.453278
Estonia,EST,Europe & Central Asia,High income,2000,3.783073497,17.8,27000000,17.11134742,19.66026589,1.11880041,Right,0.78,2,11007.81,35.035473
Finland,FIN,Europe & Central Asia,High income,2000,2.642334854,36.5,474000000,19.97671788,24.2408493,1.357291264,Left,0.858,3,29094.939,10.501419
France,FRA,Europe & Central Asia,High income,2000,4.805813801,10.9,107000000,18.48833939,23.50321422,1.419257945,Left,0.849,2,28169.939,26.503572
France,FRA,Europe & Central Asia,High income,2000,4.805813801,10.9,107000000,18.48833939,23.50321422,1.419257945,Left,NA,NA,NA,NA
United Kingdom,GBR,Europe & Central Asia,High income,2000,6.328852626,18.4,871000000,20.58515253,26.07290095,0.72533113,Left,0.867,2,29877.07,20.642536
Georgia,GEO,Europe & Central Asia,Upper middle income,2000,3.539486204,7.2,6000000,15.60727003,7.651701941,1.629108561,Center,0.673,2,2777.55,43.685024
Greece,GRC,Europe & Central Asia,High income,2000,7.464308044,8.7,708000000,20.37795465,22.47052181,3.332912635,Left,0.796,2,20153.881,47.545132
Hungary,HUN,Europe & Central Asia,High income,2000,3.2148507,8.3,14000000,16.45456789,22.24252052,1.389248419,Left,0.769,2,13110.43,47.898312
India,IND,South Asia,Lower middle income,2000,11.50305086,9,995000000,20.7182533,8.810143496,0.598215808,Right,0.493,2,1842.02,49.669338
Ireland,IRL,Europe & Central Asia,High income,2000,2.253167583,12,0,0,26.37746284,0.615422488,Center,0.857,2,32227.801,22.118916
Israel,ISR,Middle East & North Africa,High income,2000,15.0577437,12.5,353000000,19.68197861,27.12206827,6.518984873,Right,0.853,2,26538.811,31.108301
Italy,ITA,Europe & Central Asia,High income,2000,3.735157897,11.1,241000000,19.30030749,22.47064851,2.155979803,Center,0.83,2,28734.07,44.918365
Japan,JPN,East Asia & Pacific,High income,2000,2.547278933,7.3,493000000,20.01601973,10.37225701,0.367611839,Right,0.855,2,29799.59,29.346067
"Korea, Rep.",KOR,East Asia & Pacific,High income,2000,14.41778555,5.9,1396000000,21.05687684,14.63112487,3.013636673,Center,0.817,2,19127.539,39.049339
Lebanon,LBN,Middle East & North Africa,Upper middle income,2000,12.75486996,2.3,4000000,15.20180492,11.90122982,6.506495878,Right,NA,NA,4791.1401,61.644764
Lithuania,LTU,Europe & Central Asia,High income,2000,3.392087641,10.6,6000000,15.60727003,20.27497916,0.986692138,Right,0.756,2,10347.7,49.817474
Latvia,LVA,Europe & Central Asia,High income,2000,2.434502217,17,3000000,14.91412285,20.77941194,0.779736394,Center,0.728,2,9777.5303,49.390095
Mexico,MEX,Latin America & Caribbean,Upper middle income,2000,2.309965595,16,227000000,19.24046058,9.572861438,0.529380652,Left,0.702,2,10763.38,56.470924
Mali,MLI,Sub-Saharan Africa,Low income,2000,7.625128107,12.2,7000000,15.76142071,10.78507803,0.370901417,Center,0.308,2,810.40997,62.496166
Malta,MLT,Middle East & North Africa,High income,2000,1.463631222,9.2,0,0,45.91492891,1.339764202,Right,0.783,NA,20942.109,33.950836
Netherlands,NLD,Europe & Central Asia,High income,2000,3.465758405,36,123000000,18.62769491,20.93795008,0.699828144,Left,0.876,2,32834.691,17.711878
Norway,NOR,Europe & Central Asia,High income,2000,4.161913684,36.4,229000000,19.24923256,26.70467324,1.122847875,Right,0.917,3,50408.641,14.814602
Poland,POL,Europe & Central Asia,High income,2000,4.350518154,13,148000000,18.81272283,16.9937834,1.378836477,Left,0.785,2,12166.54,47.335503
Portugal,PRT,Europe & Central Asia,High income,2000,4.34865587,17.4,2000000,14.50865774,21.02063985,1.723708071,Left,0.785,2,19182.77,34.483936
Sweden,SWE,Europe & Central Asia,High income,2000,3.511262252,42.7,204000000,19.13363055,29.84531575,1.956362265,Left,0.897,3,31204.949,13.457004
Thailand,THA,East Asia & Pacific,Upper middle income,2000,8.042092972,4.8,85000000,18.25816181,12.97672522,1.185276431,Right,0.649,2,5814.29,46.447884
Uruguay,URY,Latin America & Caribbean,High income,2000,8.364626595,12.1,4000000,15.20180492,14.69913704,1.569664385,Right,0.742,2,9239.5898,29.541512
South Africa,ZAF,Sub-Saharan Africa,Upper middle income,2000,5.504553497,29.8,6000000,15.60727003,23.34368567,0.429083289,Left,0.63,3,5891.9102,43.579987
Angola,AGO,Sub-Saharan Africa,Lower middle income,2001,10.78863067,15.5,156000000,18.86536657,29.24667572,2.090993123,Left,0.401,2,1997.02,65.699516
Austria,AUT,Europe & Central Asia,High income,2001,1.765043486,26.8,15000000,16.52356076,27.96557199,0.890164276,Right,0.849,3,30902.939,20.299084
Belgium,BEL,Europe & Central Asia,High income,2001,2.595153592,23.3,29000000,17.18280639,26.78651211,0.914668403,Right,0.876,2,29133.391,28.019989
Brazil,BRA,Latin America & Caribbean,Upper middle income,2001,5.387014698,6.8,631000000,20.26281642,14.55976349,0.836291773,Right,0.691,2,7325.79,58.041164
Canada,CAN,North America,High income,2001,2.757412336,20.6,538000000,20.10336912,14.23159039,0.4016044,Left,0.872,3,33344.629,25.504946
Switzerland,CHE,Europe & Central Asia,High income,2001,3.08528865,23,68000000,18.03501826,9.210833413,0.661065371,Left,0.891,2,35425.789,15.069814
Chile,CHL,Latin America & Caribbean,High income,2001,11.4189195,10.8,60000000,17.90985512,16.03355182,1.925592703,Center,0.766,2,9144.7002,36.005386
Cyprus,CYP,Europe & Central Asia,High income,2001,8.827856793,10.7,115000000,18.56044269,36.3857611,2.320888642,Right,0.807,2,20749.141,31.785358
Cyprus,CYP,Europe & Central Asia,High income,2001,8.827856793,10.7,115000000,18.56044269,36.3857611,2.320888642,Right,NA,NA,NA,NA
Czech Republic,CZE,Europe & Central Asia,High income,2001,4.053487743,15,65000000,17.98989783,14.80355362,1.153489735,Left,0.806,2,18517.449,52.292934
Germany,DEU,Europe & Central Asia,High income,2001,2.997271474,31.1,133000000,18.70585969,10.96186952,0.764512955,Left,0.877,3,28817.93,19.890945
Germany,DEU,Europe & Central Asia,High income,2001,2.997271474,31.1,133000000,18.70585969,10.96186952,0.764512955,Left,NA,NA,NA,NA
Dominican Republic,DOM,Latin America & Caribbean,Upper middle income,2001,7.712845074,16.1,5000000,15.42494847,13.38050699,1.238458818,Left,0.66,2,6247.54,64.550903
Spain,ESP,Europe & Central Asia,High income,2001,4.246158364,28.3,156000000,18.86536657,15.8246944,1.179555615,Right,0.828,2,24100.17,35.354961
Finland,FIN,Europe & Central Asia,High income,2001,2.472701708,36.5,9000000,16.01273514,21.88976305,1.357256318,Left,0.864,3,29251.289,10.198229
France,FRA,Europe & Central Asia,High income,2001,4.674670019,10.9,66000000,18.0051653,23.48673775,1.360884261,Left,0.851,2,28893.119,26.325815
France,FRA,Europe & Central Asia,High income,2001,4.674670019,10.9,66000000,18.0051653,23.48673775,1.360884261,Left,NA,NA,NA,NA
United Kingdom,GBR,Europe & Central Asia,High income,2001,6.275168043,17.9,1277000000,20.96777941,25.56361284,0.722460409,Left,0.871,2,30749.33,20.436432
Georgia,GEO,Europe & Central Asia,Upper middle income,2001,4.280762565,7.2,85000000,18.25816181,7.352412346,1.355766431,Center,0.678,2,2943.4199,43.585785
Ghana,GHA,Sub-Saharan Africa,Lower middle income,2001,1.789498069,9,12000000,16.30041721,17.19292789,0.082802921,Right,0.483,2,1633.42,55.24749
Greece,GRC,Europe & Central Asia,High income,2001,7.070426359,8.7,787000000,20.48373881,20.93777286,3.372783046,Left,0.806,2,21115,47.552036
Croatia,HRV,Europe & Central Asia,High income,2001,6.256493971,20.5,57000000,17.85856183,20.94186682,3.596822999,Left,0.759,2,12504.4,50.079334
Hungary,HUN,Europe & Central Asia,High income,2001,3.333507742,8.3,14000000,16.45456789,21.29059596,1.152541523,Left,0.777,3,14146.22,47.900993
India,IND,South Asia,Lower middle income,2001,10.52395475,8.8,1200000000,20.90558739,8.079454445,0.578132657,Right,0.498,2,1891.55,49.649822
Ireland,IRL,Europe & Central Asia,High income,2001,2.165245041,12,45000000,17.62217305,24.23444413,0.550852615,Center,0.863,2,33580.82,21.92025
Israel,ISR,Middle East & North Africa,High income,2001,14.88991831,13.3,116000000,18.56910075,26.67209349,6.048653037,Right,0.857,2,26328.381,30.99563
Italy,ITA,Europe & Central Asia,High income,2001,3.534146239,9.8,221000000,19.21367326,22.19153696,2.057637382,Center,0.837,2,29301.1,44.888412
Japan,JPN,East Asia & Pacific,High income,2001,2.628349793,7.3,442000000,19.90682044,9.895928337,0.372923373,Right,0.859,2,29406.961,29.179405
"Korea, Rep.",KOR,East Asia & Pacific,High income,2001,13.45963045,5.9,773000000,20.46578961,13.92003864,2.965565152,Center,0.824,2,19377.289,38.951626
Lesotho,LSO,Sub-Saharan Africa,Lower middle income,2001,6.833220224,3.8,6000000,15.60727003,25.78220615,0.222400142,Left,0.461,2,1382.4399,53.912415
Latvia,LVA,Europe & Central Asia,High income,2001,3.03160359,17,13000000,16.38045992,20.72920407,0.91671212,Center,0.745,2,10537.89,49.383099
Malta,MLT,Middle East & North Africa,High income,2001,1.500263852,9.2,0,0,48.53345988,1.313419394,Right,0.788,1,18574.23,33.836723
Namibia,NAM,Sub-Saharan Africa,Upper middle income,2001,8.809221658,25,21000000,16.860033,26.92156198,2.484669589,Left,0.557,2,3804.3401,44.692745
Netherlands,NLD,Europe & Central Asia,High income,2001,3.413720902,36,164000000,18.91537699,21.21415868,0.669293685,Left,0.879,2,33511.75,17.486731
Norway,NOR,Europe & Central Asia,High income,2001,3.973941174,35.8,99000000,18.41063041,26.07929651,1.105156694,Right,0.916,3,55158.41,14.561925
Nepal,NPL,South Asia,Low income,2001,7.46249019,5.9,11000000,16.21340583,8.802574747,0.697182507,Left,0.447,2,1086.48,59.59071
New Zealand,NZL,East Asia & Pacific,High income,2001,4.027715786,30.8,45000000,17.62217305,28.55763254,0.467915492,Left,0.873,3,24442.449,10.791992
Philippines,PHL,East Asia & Pacific,Lower middle income,2001,6.76516247,17.8,10000000,16.11809565,12.69319142,0.491696964,Center,0.628,2,3085.22,62.339176
Poland,POL,Europe & Central Asia,High income,2001,4.230312759,20.2,33000000,17.31201812,16.08833616,1.297292795,Left,0.791,2,12307.39,47.327702
Portugal,PRT,Europe & Central Asia,High income,2001,4.336577142,18.7,19000000,16.75994954,20.63979904,1.680384517,Left,0.79,2,19334.199,34.372898
Slovenia,SVN,Europe & Central Asia,High income,2001,3.121212121,12.2,41000000,17.52908262,19.94939724,1.247691513,Left,0.835,2,19399.23,37.619652
Sweden,SWE,Europe & Central Asia,High income,2001,3.31410939,42.7,165000000,18.92145603,27.85031105,1.523815036,Left,0.9,3,30448.5,13.180214
Trinidad and Tobago,TTO,Latin America & Caribbean,High income,2001,0.725148368,11.1,0,0,22.12128594,0.460318813,Left,0.721,2,11368.4,55.778713
United States,USA,North America,High income,2001,9.147180032,14,493000000,20.01601973,11.85782535,0.961630653,Right,0.887,2,39814.91,30.815804
South Africa,ZAF,Sub-Saharan Africa,Upper middle income,2001,5.88311127,29.8,18000000,16.70588232,24.18558057,0.392154567,Left,0.61,3,6019.5,43.558674
Angola,AGO,Sub-Saharan Africa,Lower middle income,2002,9.19173249,15.5,148000000,18.81272283,15.53281183,1.526430915,Left,0.418,2,2407.3999,65.849197
Argentina,ARG,Latin America & Caribbean,Upper middle income,2002,4.468973825,30.7,15000000,16.52356076,9.818958347,0.605773579,Right,0.769,3,8029.3101,62.146542
Australia,AUS,East Asia & Pacific,High income,2002,5.354593312,25.3,663000000,20.31228555,23.6166114,0.511827128,Right,0.903,2,34319.949,17.105143
Belgium,BEL,Europe & Central Asia,High income,2002,2.455663668,23.3,48000000,17.68671157,25.71234509,0.901064083,Right,0.879,2,29779.619,27.833712
Bangladesh,BGD,South Asia,Lower middle income,2002,10.12357234,2,44000000,17.59970019,6.691384191,0.412973822,Right,0.483,2,1192.11,65.575211
Brazil,BRA,Latin America & Caribbean,Upper middle income,2002,4.871607662,6.2,223000000,19.22268233,15.7200793,0.810564873,Right,0.698,2,7214.0298,58.15715
Canada,CAN,North America,High income,2002,2.764948287,20.6,436000000,19.8931528,13.42525802,0.363584101,Left,0.877,3,32781.828,25.385006
Switzerland,CHE,Europe & Central Asia,High income,2002,2.755545743,23,63000000,17.95864528,9.193204064,0.674421043,Left,0.891,2,36365.949,14.824185
Chile,CHL,Latin America & Caribbean,High income,2002,10.91109416,12.5,74000000,18.11957565,16.201695140000002,1.829113404,Left,0.768,2,9067.4697,35.942284
Cyprus,CYP,Europe & Central Asia,High income,2002,5.691788526,10.7,1000000,13.81551056,36.61750072,2.124339036,Right,0.816,2,19889.119,31.641575
Cyprus,CYP,Europe & Central Asia,High income,2002,5.691788526,10.7,1000000,13.81551056,36.61750072,2.124339036,Right,NA,NA,NA,NA
Czech Republic,CZE,Europe & Central Asia,High income,2002,4.071172985,17,48000000,17.68671157,14.61554927,1.071320744,Left,0.813,2,18392.539,52.317596
Germany,DEU,Europe & Central Asia,High income,2002,2.984868799,32.2,71000000,18.07819044,10.8367605,0.731646535,Left,0.883,3,28819.34,19.645792
Germany,DEU,Europe & Central Asia,High income,2002,2.984868799,32.2,71000000,18.07819044,10.8367605,0.731646535,Left,NA,NA,NA,NA
Denmark,DNK,Europe & Central Asia,High income,2002,2.834105742,38,45000000,17.62217305,30.11718967,0.785316315,Right,0.883,3,32480.91,8.8945007
Dominican Republic,DOM,Latin America & Caribbean,Upper middle income,2002,6.683058376,17.3,0,0,13.21672761,1.21108322,Left,0.664,2,6223.52,64.694969
Spain,ESP,Europe & Central Asia,High income,2002,3.771132382,28.3,277000000,19.43952806,14.99842573,1.31867885,Right,0.83,2,24754.199,35.262035
Estonia,EST,Europe & Central Asia,High income,2002,4.617028856,17.8,1000000,13.81551056,19.62238042,1.237257016,Center,0.799,2,12546.34,34.757786
Finland,FIN,Europe & Central Asia,High income,2002,2.430583158,36.5,12000000,16.30041721,22.46689924,1.330315411,Left,0.867,3,29421.391,9.9076824
France,FRA,Europe & Central Asia,High income,2002,4.614219253,12.1,43000000,17.57671067,22.66956958,1.298859911,Left,0.853,3,29122.211,26.13533
France,FRA,Europe & Central Asia,High income,2002,4.614219253,12.1,43000000,17.57671067,22.66956958,1.298859911,Left,NA,NA,NA,NA
United Kingdom,GBR,Europe & Central Asia,High income,2002,6.291443869,17.9,720000000,20.39476177,24.78966505,0.711073692,Left,0.874,2,30723.221,20.230185
Ghana,GHA,Sub-Saharan Africa,Lower middle income,2002,2.278382582,9,1000000,13.81551056,17.49311121,0.081047073,Right,0.489,2,1571.64,55.312607
Greece,GRC,Europe & Central Asia,High income,2002,6.719609939,8.7,400000000,19.80697511,21.26687719,3.712577788,Left,0.818,2,22202.449,47.562466
Croatia,HRV,Europe & Central Asia,High income,2002,5.71105068,20.5,2000000,14.50865774,22.11772255,3.257292464,Left,0.766,2,12878.31,50.068516
India,IND,South Asia,Lower middle income,2002,9.879551815,8.8,2031000000,21.43179412,8.676273931,0.571594085,Right,0.504,2,1956.46,49.633629
Ireland,IRL,Europe & Central Asia,High income,2002,1.909995347,13.3,22000000,16.90655301,23.5231751,0.538165409,Center,0.871,2,36491.609,21.696896
Israel,ISR,Middle East & North Africa,High income,2002,16.19178057,14.2,349000000,19.67058248,25.71347155,5.924564046,Right,0.865,2,25693.961,30.873447
Italy,ITA,Europe & Central Asia,High income,2002,3.646757003,9.8,239000000,19.29197411,21.60830045,1.986822278,Right,0.842,2,28142.75,44.849644
Japan,JPN,East Asia & Pacific,High income,2002,2.623441194,7.3,446000000,19.91582951,9.061598934,0.375299583,Right,0.862,2,29497.57,29.023411
Kazakhstan,KAZ,Europe & Central Asia,Upper middle income,2002,4.863493227,10.4,20000000,16.81124283,12.13435978,1.225045213,Right,0.713,2,6478.25,54.169235
"Korea, Rep.",KOR,East Asia & Pacific,High income,2002,13.65655564,5.9,528000000,20.08460684,13.64515711,2.921075089,Center,0.832,2,20759.73,38.847054
Sri Lanka,LKA,South Asia,Upper middle income,2002,13.58320914,4.4,45000000,17.62217305,14.02036178,3.086774941,Left,0.697,2,3172.4099,48.732018
Latvia,LVA,Europe & Central Asia,High income,2002,4.501216545,18,3000000,14.91412285,20.01941936,0.780128425,Center,0.76,2,11122.74,49.386009
Morocco,MAR,Middle East & North Africa,Lower middle income,2002,12.49913489,10.8,156000000,18.86536657,19.07256603,2.460789965,Center,0.552,2,3057.9299,51.460693
Mali,MLI,Sub-Saharan Africa,Low income,2002,6.363547234,10.2,1000000,13.81551056,11.1732839,0.349531111,Center,0.33,2,839.19,62.72588
Namibia,NAM,Sub-Saharan Africa,Upper middle income,2002,8.702383186,25,11000000,16.21340583,26.6468982,2.417565061,Left,0.554,3,3878.4399,44.665161
Netherlands,NLD,Europe & Central Asia,High income,2002,3.333892946,34,244000000,19.31267878,21.15808651,0.626553355,Left,0.878,2,33524.02,17.284637
Norway,NOR,Europe & Central Asia,High income,2002,4.545830107,36.4,90000000,18.31532023,27.18833639,1.091022444,Right,0.918,3,53824.219,14.306104
Nepal,NPL,South Asia,Low income,2002,9.768130416,5.9,9000000,16.01273514,8.560583141,0.725049859,Left,0.457,2,1042.28,59.703754000000004
New Zealand,NZL,East Asia & Pacific,High income,2002,3.807199512,29.2,17000000,16.6487239,28.20805365,0.429022854,Left,0.881,3,24853.52,10.507116
Peru,PER,Latin America & Caribbean,Upper middle income,2002,7.919371278,17.5,16000000,16.58809928,12.48714263,1.42780179,Center,0.687,2,4580.9399,56.60323
Philippines,PHL,East Asia & Pacific,Lower middle income,2002,6.918755856,17.8,5000000,15.42494847,12.09116828,0.477819888,Center,0.633,2,3025.8999,62.48946
Poland,POL,Europe & Central Asia,High income,2002,4.186282208,20.2,256000000,19.360688,16.87393677,1.061033721,Left,0.799,2,12591.43,47.325718
El Salvador,SLV,Latin America & Caribbean,Lower middle income,2002,6.097285068,9.5,19000000,16.75994954,12.09947074,1.250133478,Right,0.628,2,328.62,52.461086
Slovenia,SVN,Europe & Central Asia,High income,2002,3.367820816,12.2,2000000,14.50865774,20.50326977,1.372318008,Left,0.843,2,19841.199,37.519753
Sweden,SWE,Europe & Central Asia,High income,2002,3.113828303,45,75000000,18.13299867,26.70997303,1.51797965,Left,0.902,3,30754.609,12.910497
Trinidad and Tobago,TTO,Latin America & Caribbean,High income,2002,0.90896876,19.4,2000000,14.50865774,20.45549831,0.452405288,Right,0.728,2,12225.83,55.848976
Tunisia,TUN,Middle East & North Africa,Lower middle income,2002,5.898390584,11.5,83000000,18.23435117,19.54050588,1.426346069,Left,0.666,2,5962.0801,32.479618
Uruguay,URY,Latin America & Caribbean,High income,2002,8.382588774,12.1,13000000,16.38045992,15.77767622,1.566803973,Right,0.747,2,7940.71,29.209272
United States,USA,North America,High income,2002,9.837240984,13.8,499000000,20.02811665,9.861419855,0.98742008,Right,0.889,2,39919.66,30.704546
Angola,AGO,Sub-Saharan Africa,Lower middle income,2003,10.93456472,15.5,48000000,17.68671157,17.17157991,1.741490008,Left,0.429,2,2467.8301,65.988518
Argentina,ARG,Latin America & Caribbean,Upper middle income,2003,4.307998099,30.7,11000000,16.21340583,12.5187797,0.602192509,Right,0.775,3,8571.1201,62.297009
Australia,AUS,East Asia & Pacific,High income,2003,5.281482376,25.3,801000000,20.50137151,24.36513684,0.529393539,Right,0.904,2,34994.988,16.862471
Austria,AUT,Europe & Central Asia,High income,2003,1.823184374,33.9,42000000,17.55318018,26.64696993,0.86667333,Right,0.842,3,31626.59,19.8396
Belgium,BEL,Europe & Central Asia,High income,2003,2.395735953,35.3,21000000,16.860033,25.07661801,0.931150759,Right,0.882,3,29986.73,27.671066
Bangladesh,BGD,South Asia,Lower middle income,2003,9.875972698,2,8000000,15.8949521,6.965213904,0.379367743,Right,0.49,1,1194.04,65.703491
Bolivia,BOL,Latin America & Caribbean,Lower middle income,2003,6.70777155,18.5,5000000,15.42494847,12.97300023,1.704739175,Center,0.621,2,2964.3999,65.471298
Brazil,BRA,Latin America & Caribbean,Upper middle income,2003,3.667574011,8.6,110000000,18.51599092,15.24438358,0.79437521,Left,0.695,2,7032.0298,58.295113
Canada,CAN,North America,High income,2003,2.760815105,20.6,152000000,18.83939108,13.27575327,0.355181923,Left,0.882,3,33786.488,25.263206
Switzerland,CHE,Europe & Central Asia,High income,2003,2.740237437,25,117000000,18.57768449,9.190750643,0.664271906,Left,0.896,2,36130.398,14.55665
Chile,CHL,Latin America & Caribbean,High income,2003,12.16551844,12.5,187000000,19.04661917,15.94896337,1.730102495,Left,0.774,2,9313.75,35.883423
Colombia,COL,Latin America & Caribbean,Upper middle income,2003,12.44373838,12,147000000,18.80594314,11.25882686,1.54407649,Center,0.657,2,6011.2798,55.404644
Cyprus,CYP,Europe & Central Asia,High income,2003,4.915188897,10.7,6000000,15.60727003,37.61499171,2.042165666,Right,0.824,2,18592.561,31.505672
Cyprus,CYP,Europe & Central Asia,High income,2003,4.915188897,10.7,6000000,15.60727003,37.61499171,2.042165666,Right,NA,NA,NA,NA
Czech Republic,CZE,Europe & Central Asia,High income,2003,3.835757397,17,97000000,18.39022154,15.05549779,1.220737641,Left,0.822,2,18849.34,52.381721
Germany,DEU,Europe & Central Asia,High income,2003,2.925910226,32.2,64000000,17.97439364,10.99856663,0.699701703,Left,0.889,3,29555.99,19.389887
Germany,DEU,Europe & Central Asia,High income,2003,2.925910226,32.2,64000000,17.97439364,10.99856663,0.699701703,Left,NA,NA,NA,NA
Denmark,DNK,Europe & Central Asia,High income,2003,2.734654791,38,54000000,17.8044946,30.14077788,0.794316318,Right,0.894,3,31725.279,8.5842476
Dominican Republic,DOM,Latin America & Caribbean,Upper middle income,2003,4.018959011,17.3,8000000,15.8949521,11.74514298,1.18761489,Left,0.666,2,5815.2598,64.847305
Spain,ESP,Europe & Central Asia,High income,2003,3.711097598,28.3,253000000,19.34890005,14.64938063,1.129822165,Right,0.833,3,24406.24,35.173912
Estonia,EST,Europe & Central Asia,High income,2003,4.954308094,18.8,13000000,16.38045992,19.82192924,1.195065706,Center,0.806,2,13184.75,34.611176
Finland,FIN,Europe & Central Asia,High income,2003,2.993634679,37.5,227000000,19.24046058,22.05813547,1.148484115,Center,0.87,3,29226.76,9.6139736
France,FRA,Europe & Central Asia,High income,2003,4.683319903,12.2,57000000,17.85856183,22.21644408,1.26802275,Right,0.857,2,27759.77,25.955076
France,FRA,Europe & Central Asia,High income,2003,4.683319903,12.2,57000000,17.85856183,22.21644408,1.26802275,Right,NA,NA,NA,NA
United Kingdom,GBR,Europe & Central Asia,High income,2003,6.24233312,17.9,775000000,20.46837359,24.42460043,0.711776084,Left,0.878,2,30778.83,20.03269
Georgia,GEO,Europe & Central Asia,Upper middle income,2003,6.462316384,7.2,1000000,13.81551056,7.032846417,1.415788466,Center,0.693,2,3588.1799,43.357136
Ghana,GHA,Sub-Saharan Africa,Lower middle income,2003,2.336708861,9,6000000,15.60727003,18.47768613,0.079259984,Right,0.49,2,1651.3,55.370644
Greece,GRC,Europe & Central Asia,High income,2003,5.352648311,8.7,2178000000,21.50167286,19.70767671,3.676684214,Left,0.825,2,21955.131,47.572941
India,IND,South Asia,Lower middle income,2003,9.100119239,8.8,2758000000,21.73777162,9.108084322,0.563140976,Right,0.517,2,2103.6599,49.614559
Israel,ISR,Middle East & North Africa,High income,2003,18.21472128,15,189000000,19.05725757,24.96256444,5.969247121,Right,0.865,2,24346.119,30.762665
Italy,ITA,Europe & Central Asia,High income,2003,3.617314193,11.5,564000000,20.15056481,21.41259454,1.891561757,Right,0.847,2,27815.039,44.831825
Japan,JPN,East Asia & Pacific,High income,2003,2.644840533,7.1,483000000,19.99552721,8.91896344,0.37590209,Right,0.865,2,30051.6,28.856234
"Korea, Rep.",KOR,East Asia & Pacific,High income,2003,12.17343857,5.9,752000000,20.43824688,14.14009836,2.918113838,Center,0.839,2,21618.4,38.743408
Sri Lanka,LKA,South Asia,Upper middle income,2003,12.53644525,4.4,35000000,17.37085862,12.71067585,2.988773675,Left,0.705,2,3350.3301,48.730461
Luxembourg,LUX,Europe & Central Asia,High income,2003,1.54494382,16.7,1000000,13.81551056,24.71170343,0.769151882,Center,0.864,2,55372.711,18.169863
Latvia,LVA,Europe & Central Asia,High income,2003,4.885641677,21,25000000,17.03438638,20.27394928,0.738448074,Right,0.774,2,11169.31,49.400398
Morocco,MAR,Middle East & North Africa,Lower middle income,2003,13.39743097,10.8,12000000,16.30041721,18.78977248,2.393209,Left,0.563,2,3110.76,51.482304
Netherlands,NLD,Europe & Central Asia,High income,2003,3.303130479,36.7,125000000,18.6438243,20.35373725,0.706190461,Right,0.883,3,32957.52,17.05879
Norway,NOR,Europe & Central Asia,High income,2003,4.174699118,36.4,9000000,16.01273514,25.92911222,1.104544745,Right,0.924,3,54159.77,14.058344
New Zealand,NZL,East Asia & Pacific,High income,2003,3.756836389,28.3,107000000,18.48833939,29.24813843,0.416335656,Left,0.884,3,24886.26,10.21456
Peru,PER,Latin America & Caribbean,Upper middle income,2003,7.570141382,17.5,22000000,16.90655301,13.41152116,1.316808698,Center,0.686,2,4795.1099,56.680012
Philippines,PHL,East Asia & Pacific,Lower middle income,2003,7.324684334,17.8,10000000,16.11809565,12.10175226,0.470332492,Center,0.637,2,3005.8401,62.63789
Poland,POL,Europe & Central Asia,High income,2003,4.166772079,20.2,350000000,19.67344371,16.74547539,1.065885603,Left,0.804,2,12475.63,47.332088
Portugal,PRT,Europe & Central Asia,High income,2003,4.163241871,19.1,29000000,17.18280639,20.92141243,1.693850901,Right,0.796,2,18828.25,34.164825
El Salvador,SLV,Latin America & Caribbean,Lower middle income,2003,4.290071162,10.7,10000000,16.11809565,12.67829709,1.152804921,Right,0.635,2,331.41,52.493187
Slovenia,SVN,Europe & Central Asia,High income,2003,3.378211138,12.2,17000000,16.6487239,20.66557069,1.142110766,Left,0.85,2,19957.4,37.412235
Sweden,SWE,Europe & Central Asia,High income,2003,3.019148083,45.3,64000000,17.97439364,26.82021328,1.372589092,Left,0.908,3,31498.189,12.649209
Tunisia,TUN,Middle East & North Africa,Lower middle income,2003,6.026406429,11.5,1000000,13.81551056,18.74521178,1.41151399,Left,0.673,2,5892.3101,32.340191
United States,USA,North America,High income,2003,10.80125696,14.3,593000000,20.20070496,9.389222393,0.992046841,Right,0.893,2,40472.02,30.596226
Angola,AGO,Sub-Saharan Africa,Lower middle income,2004,11.64700144,15,8000000,15.8949521,18.07456616,1.525091043,Left,0.442,2,2606.6299,66.144958
Argentina,ARG,Latin America & Caribbean,Upper middle income,2004,3.835515893,33.7,169000000,18.94540927,13.1007799,0.586322139,Left,0.78,3,9086.3301,62.460094
Australia,AUS,East Asia & Pacific,High income,2004,5.235224825,24.7,472000000,19.97248954,24.34419347,0.507557482,Right,0.907,2,34866.578,16.633532
Austria,AUT,Europe & Central Asia,High income,2004,1.657907677,33.9,56000000,17.84086225,26.30867249,1.002253786,Right,0.849,3,32312.52,19.609655
Belgium,BEL,Europe & Central Asia,High income,2004,2.348667287,34.7,15000000,16.52356076,25.53796126,0.806250953,Right,0.885,3,29924.789,27.476625
Bangladesh,BGD,South Asia,Lower middle income,2004,10.10515122,2,32000000,17.28124646,7.046448418,0.492390594,Right,0.497,1,1197.86,65.807831
Bolivia,BOL,Latin America & Caribbean,Lower middle income,2004,5.951554174,19.2,1000000,13.81551056,15.01634882,1.641741569,Center,0.622,2,3046.47,65.63028
Brazil,BRA,Latin America & Caribbean,Upper middle income,2004,3.82162542,8.6,86000000,18.26985785,15.75277073,0.786857136,Left,0.698,2,7261.3501,58.389404
Canada,CAN,North America,High income,2004,2.821511514,21.1,352000000,19.67914173,13.39031039,0.404488754,Left,0.887,3,34303.57,25.148087
Chile,CHL,Latin America & Caribbean,High income,2004,13.0299482,12.5,70000000,18.0640058,16.40223152,1.704781265,Left,0.783,2,10188.82,35.806164
Cote d'Ivoire,CIV,Sub-Saharan Africa,Lower middle income,2004,8.114099549,8.5,9000000,16.01273514,14.19479364,0.28131989,Left,0.407,2,1374.41,64.634796
Cyprus,CYP,Europe & Central Asia,High income,2004,5.06163616,16.1,16000000,16.58809928,37.29678066,2.160047757,Right,0.828,2,19031.25,31.371241
Cyprus,CYP,Europe & Central Asia,High income,2004,5.06163616,16.1,16000000,16.58809928,37.29678066,2.160047757,Right,NA,NA,NA,NA
Czech Republic,CZE,Europe & Central Asia,High income,2004,4.027040715,17,7000000,15.76142071,15.49079755,0.526827521,Left,0.825,2,19479.449,52.434711
Germany,DEU,Europe & Central Asia,High income,2004,2.910885628,32.8,238000000,19.28778123,10.42629457,0.700149958,Left,0.897,3,30291.439,19.141644
Germany,DEU,Europe & Central Asia,High income,2004,2.910885628,32.8,238000000,19.28778123,10.42629457,0.700149958,Left,NA,NA,NA,NA
Denmark,DNK,Europe & Central Asia,High income,2004,2.686367446,38,224000000,19.22715661,31.29221449,0.724479436,Right,0.898,3,32725.061,8.2954092
Dominican Republic,DOM,Latin America & Caribbean,Upper middle income,2004,4.026400576,17.3,35000000,17.37085862,12.52188432,1.149275235,Left,0.668,2,5974.4702,64.99398
Spain,ESP,Europe & Central Asia,High income,2004,3.688930971,36,315000000,19.5680832,14.99714348,1.073222875,Right,0.837,3,24941.539,35.077103
Estonia,EST,Europe & Central Asia,High income,2004,4.95049505,18.8,8000000,15.8949521,20.23518244,0.884608693,Right,0.814,2,13629.67,34.473053
Finland,FIN,Europe & Central Asia,High income,2004,3.045662778,37.5,77000000,18.15931598,21.8124441,1.186966344,Center,0.891,3,30293.65,9.3301096
France,FRA,Europe & Central Asia,High income,2004,4.72809835,12.2,93000000,18.34811005,22.26530338,1.250765876,Right,0.86,3,28066.359,25.766756
France,FRA,Europe & Central Asia,High income,2004,4.72809835,12.2,93000000,18.34811005,22.26530338,1.250765876,Right,NA,NA,NA,NA
United Kingdom,GBR,Europe & Central Asia,High income,2004,5.955880719,18.1,217000000,19.19540791,25.04560164,0.680093549,Left,0.886,2,31501.16,19.837351
Georgia,GEO,Europe & Central Asia,Upper middle income,2004,7.088760504,9.4,37000000,17.42642847,9.927424855,1.091080418,Center,0.701,2,3973.6699,43.202717
Ghana,GHA,Sub-Saharan Africa,Lower middle income,2004,1.884386617,10.9,35000000,17.37085862,21.75210552,0.07748654,Right,0.498,2,1758.98,55.414181
Greece,GRC,Europe & Central Asia,High income,2004,5.472424298,14,1116000000,20.8330167,19.1347301,3.321159725,Left,0.835,2,22684.23,47.587055
Croatia,HRV,Europe & Central Asia,High income,2004,3.735579611,21.7,8000000,15.8949521,20.85198045,1.550136851,Right,0.778,3,13735.16,50.116524
Hungary,HUN,Europe & Central Asia,High income,2004,3.040798612,9.1,72000000,18.09217668,20.38303292,1.094692052,Left,0.795,2,15111.47,48.029396
India,IND,South Asia,Lower middle income,2004,10.11743019,8.3,2225000000,21.52302275,9.570817081,0.594661112,Right,0.526,2,2232.6101,49.564034
Ireland,IRL,Europe & Central Asia,High income,2004,1.713954611,13.3,19000000,16.75994954,25.08846738,0.488993251,Center,0.89,2,41021.781,21.261742
Israel,ISR,Middle East & North Africa,High income,2004,18.57299745,15,852000000,20.56309708,24.8404017,5.844888612,Right,0.868,2,23809.66,30.6453
Italy,ITA,Europe & Central Asia,High income,2004,3.592523442,11.5,451000000,19.9269779,20.91041982,1.812910415,Right,0.852,2,27889.18,44.810055
Japan,JPN,East Asia & Pacific,High income,2004,2.708568229,7.1,403000000,19.81444712,9.352694056,0.376169402,Right,0.869,2,30845.27,28.69907
Kazakhstan,KAZ,Europe & Central Asia,Upper middle income,2004,4.64779592,10.4,47000000,17.66565816,13.90867797,1.268358691,Right,0.737,2,7964.7402,54.199005
"Korea, Rep.",KOR,East Asia & Pacific,High income,2004,11.7067782,13,1059000000,20.7805909,13.446495,2.885903085,Center,0.847,2,22735.439,38.633202
Sri Lanka,LKA,South Asia,Upper middle income,2004,13.15082636,4.9,49000000,17.70733086,13.46596896,2.9399026089999998,Left,0.711,2,3408.1599,48.723755
Lesotho,LSO,Sub-Saharan Africa,Lower middle income,2004,5.5715856,11.7,1000000,13.81551056,28.961325,0.225588758,Left,0.46,2,1271.88,54.066666
Lithuania,LTU,Europe & Central Asia,High income,2004,3.602788833,22,47000000,17.66565816,19.34284114,1.7564715,Right,0.798,2,12718.72,49.825356
Latvia,LVA,Europe & Central Asia,High income,2004,4.766153014,21,12000000,16.30041721,20.44445368,0.455215034,Right,0.788,2,11584.82,49.414803
Morocco,MAR,Middle East & North Africa,Lower middle income,2004,12.26654863,10.8,14000000,16.45456789,18.97885165,2.376758421,Left,0.572,2,3018.1101,51.514107
Namibia,NAM,Sub-Saharan Africa,Upper middle income,2004,8.827741408,25,16000000,16.58809928,24.75508788,2.292340679,Left,0.557,2,3929.3301,44.605583
Netherlands,NLD,Europe & Central Asia,High income,2004,3.347117145,36.7,127000000,18.65969764,20.17000261,0.620639713,Right,0.886,3,33389.738,16.832218
Norway,NOR,Europe & Central Asia,High income,2004,4.162023948,38.2,6000000,15.60727003,27.3951498,1.031921032,Right,0.934,3,57555.828,13.808865
New Zealand,NZL,East Asia & Pacific,High income,2004,3.503740648,28.3,49000000,17.70733086,29.25793128,0.377115322,Left,0.886,3,24267.9,9.9353981
Peru,PER,Latin America & Caribbean,Upper middle income,2004,7.129652704,18.3,47000000,17.66565816,13.66336894,1.12297057,Center,0.693,2,5118.3501,56.749161
Philippines,PHL,East Asia & Pacific,Lower middle income,2004,6.756009814,15.3,34000000,17.34187108,11.81598762,0.446102724,Center,0.647,2,3008.2,62.802708
Poland,POL,Europe & Central Asia,High income,2004,4.297396508,20.2,225000000,19.23161096,15.70174329,0.938296357,Left,0.802,2,13005.61,47.342484
Portugal,PRT,Europe & Central Asia,High income,2004,4.276048135,19.1,70000000,18.0640058,19.94911565,1.669720481,Right,0.797,2,18788.77,34.056347
Slovenia,SVN,Europe & Central Asia,High income,2004,3.427112188,12.2,17000000,16.6487239,20.63425511,0.989618898,Left,0.857,2,20991.58,37.30901
Sweden,SWE,Europe & Central Asia,High income,2004,2.806967724,45.3,47000000,17.66565816,27.15670609,0.597798542,Left,0.896,3,32704.75,12.407909
United States,USA,North America,High income,2004,11.3992876,14.9,563000000,20.14879019,9.540177991,0.980315256,Right,0.895,2,41475.391,30.510374
Angola,AGO,Sub-Saharan Africa,Lower middle income,2005,13.91893868,15,39000000,17.4790722,17.10911781,1.47085788,Left,0.455,2,2998.3701,66.284271
Argentina,ARG,Latin America & Caribbean,Upper middle income,2005,3.468415282,36.2,3000000,14.91412285,13.10317565,0.58121112,Left,0.782,3,9701.8604,62.595703
Australia,AUS,East Asia & Pacific,High income,2005,5.199497282,24.7,459000000,19.94456077,24.83696907,0.502157191,Right,0.908,2,35796.32,16.401718
Austria,AUT,Europe & Central Asia,High income,2005,1.661921982,33.9,24000000,16.99356439,25.51395546,0.995717172,Right,0.855,3,33355.73,19.384336
Belgium,BEL,Europe & Central Asia,High income,2005,2.114283227,34.7,3000000,14.91412285,25.47132993,0.801550241,Right,0.889,3,31514.34,27.302368
Bangladesh,BGD,South Asia,Lower middle income,2005,9.479220273,14.8,10000000,16.11809565,7.135670039,0.483031987,Right,0.505,2,1222.35,65.927391
Belarus,BLR,Europe & Central Asia,Upper middle income,2005,32.21010902,29.1,6000000,15.60727003,20.14965628,3.687040757,Left,0.725,2,9149.4102,47.156651
Bolivia,BOL,Latin America & Caribbean,Lower middle income,2005,5.341889037,16.9,1000000,13.81551056,16.21516419,1.642380551,Center,0.624,2,3138.26,65.759064
Brazil,BRA,Latin America & Caribbean,Upper middle income,2005,3.830330708,8.6,224000000,19.22715661,16.5289705,0.74957136,Left,0.7,2,7378.4199,58.497967
Canada,CAN,North America,High income,2005,2.874060682,21.1,118000000,18.58619518,13.34214991,0.401225127,Left,0.892,3,35533.988,25.007874
Chile,CHL,Latin America & Caribbean,High income,2005,12.51791494,15,449000000,19.92253345,18.02512363,1.656134508,Left,0.788,2,11209.46,35.750317
China,CHN,East Asia & Pacific,Upper middle income,2005,10.97671218,20.3,3566000000,21.99471036,8.569243858,0.492818346,Left,0.647,2,5270.0898,50.1656
"Congo, Rep.",COG,Sub-Saharan Africa,Lower middle income,2005,6.861640555,8.5,4000000,15.20180492,6.211754555,0.829698792,Left,0.5,2,2786.24,63.642719
Cyprus,CYP,Europe & Central Asia,High income,2005,5.133435322,16.1,20000000,16.81124283,39.58566373,2.074897027,Right,0.831,2,20804.08,31.232893
Cyprus,CYP,Europe & Central Asia,High income,2005,5.133435322,16.1,20000000,16.81124283,39.58566373,2.074897027,Right,NA,NA,NA,NA
Czech Republic,CZE,Europe & Central Asia,High income,2005,4.234561908,17,594000000,20.20238988,14.36541844,0.540493482,Left,0.835,2,20283.09,52.542065
Germany,DEU,Europe & Central Asia,High income,2005,2.878645343,31.8,199000000,19.10881538,10.6569477,0.690722705,Left,0.903,3,31675.869,18.866522
Germany,DEU,Europe & Central Asia,High income,2005,2.878645343,31.8,199000000,19.10881538,10.6569477,0.690722705,Left,NA,NA,NA,NA
Denmark,DNK,Europe & Central Asia,High income,2005,2.559426688,36.9,116000000,18.56910075,33.07176767,0.72392899,Right,0.903,3,33303.621,8.0149755
Dominican Republic,DOM,Latin America & Caribbean,Upper middle income,2005,5.061802136,17.3,2000000,14.50865774,13.69816112,1.151708848,Center,0.675,2,6572.6602,65.157471
Spain,ESP,Europe & Central Asia,High income,2005,3.607964728,36,363000000,19.70991339,15.71282688,1.034319326,Left,0.844,3,26273.619,34.991764
Estonia,EST,Europe & Central Asia,High income,2005,5.589234387,18.8,20000000,16.81124283,19.11177914,1.187257169,Right,0.825,2,15289.11,34.330334
Finland,FIN,Europe & Central Asia,High income,2005,2.977544172,37.5,107000000,18.48833939,21.79285554,1.179651394,Center,0.895,3,31010.77,9.0996428
France,FRA,Europe & Central Asia,High income,2005,4.520773563,12.2,2000000,14.50865774,22.41077521,1.241480728,Right,0.869,2,29116.82,25.554102
France,FRA,Europe & Central Asia,High income,2005,4.520773563,12.2,2000000,14.50865774,22.41077521,1.241480728,Right,NA,NA,NA,NA
United Kingdom,GBR,Europe & Central Asia,High income,2005,5.724453612,19.7,27000000,17.11134742,25.37789861,0.70937109,Left,0.891,2,32068.869,19.633118
Ghana,GHA,Sub-Saharan Africa,Lower middle income,2005,1.888347939,10.9,0,0,21.32150832,0.075751271,Right,0.509,2,1747.4399,55.461075
Greece,GRC,Europe & Central Asia,High income,2005,6.2258476720000004,13,411000000,19.83410377,20.32650577,3.342851173,Right,0.845,2,22780.961,47.655544
Hungary,HUN,Europe & Central Asia,High income,2005,2.862184717,9.1,13000000,16.38045992,19.92055087,1.029629942,Left,0.804,2,15996.93,48.077488
India,IND,South Asia,Lower middle income,2005,10.4231272,8.3,1204000000,20.90891518,10.08093153,0.674778111,Left,0.535,2,2480.8899,49.454479
Ireland,IRL,Europe & Central Asia,High income,2005,1.622493215,13.3,5000000,15.42494847,25.474920439999998,0.463100392,Center,0.896,2,43766.859,21.034349
Israel,ISR,Middle East & North Africa,High income,2005,17.55160518,15,1133000000,20.84813482,25.35071296,5.703767079,Right,0.872,2,23581.279,30.53684
Italy,ITA,Europe & Central Asia,High income,2005,3.404830169,11.5,162000000,18.90310689,20.69829228,1.8251967630000001,Right,0.857,2,28431.301,44.804848
Jamaica,JAM,Latin America & Caribbean,Upper middle income,2005,1.756226236,11.7,10000000,16.11809565,23.21597284,0.239289024,Left,0.695,2,4370.1299,53.128166
Japan,JPN,East Asia & Pacific,High income,2005,2.692572812,9,398000000,19.80196256,10.13701108,0.407594981,Right,0.873,2,31391.551,28.527369
"Korea, Rep.",KOR,East Asia & Pacific,High income,2005,12.56149564,13.4,805000000,20.50635284,13.85802067,2.854248716,Center,0.855,2,24371.789,38.500965
Lithuania,LTU,Europe & Central Asia,High income,2005,3.477090479,22,9000000,16.01273514,19.73353411,1.866671988,Left,0.809,2,13732.3,49.834976
Latvia,LVA,Europe & Central Asia,High income,2005,4.667519182,21,4000000,15.20180492,21.55868189,0.457126975,Center,0.802,2,12351.73,49.403812
Morocco,MAR,Middle East & North Africa,Lower middle income,2005,10.51285644,10.8,101000000,18.43063107,20.97294126,2.352303899,Left,0.58,2,2931.73,51.539024
Malta,MLT,Middle East & North Africa,High income,2005,1.946846225,9.2,18000000,16.70588232,59.01567007,1.240017856,Right,0.824,2,18859.881,33.341721
Netherlands,NLD,Europe & Central Asia,High income,2005,3.371608888,36.7,98000000,18.40047804,21.23481756,0.699344632,Right,0.891,3,36278.891,16.590376
Norway,NOR,Europe & Central Asia,High income,2005,3.812157574,37.9,14000000,16.45456789,28.30365223,1.933061772,Right,0.932,3,58908.16,13.581869
New Zealand,NZL,East Asia & Pacific,High income,2005,3.306724519,32.2,10000000,16.11809565,30.31290683,0.413110474,Left,0.888,3,24647.35,9.6575623
Peru,PER,Latin America & Caribbean,Upper middle income,2005,7.952795889,18.3,368000000,19.7235935,14.10474219,1.140903302,Center,0.698,2,5578.2598,56.800945
Philippines,PHL,East Asia & Pacific,Lower middle income,2005,6.818640889,15.3,12000000,16.30041721,12.42728273,0.437171991,Center,0.65,2,3053.6599,62.964722
Poland,POL,Europe & Central Asia,High income,2005,4.338611704,20.4,112000000,18.53400943,16.51704043,0.924163065,Left,0.808,2,13421.07,47.314037
Portugal,PRT,Europe & Central Asia,High income,2005,4.383933271,21.3,158000000,18.87810559,20.48706719,1.689734572,Right,0.8,2,20277.51,33.885612
Paraguay,PRY,Latin America & Caribbean,Upper middle income,2005,4.865106634,10,1000000,13.81551056,8.264764504,0.939115278,Right,0.649,2,3915.8201,71.033745
Slovenia,SVN,Europe & Central Asia,High income,2005,3.36811665,12.2,3000000,14.91412285,21.14899827,1.177657482,Center,0.861,2,21967.039,37.210384
Sweden,SWE,Europe & Central Asia,High income,2005,2.75989453,45.3,78000000,18.17221938,28.45211197,0.609996044,Left,0.899,3,32231.33,12.156824
Tunisia,TUN,Middle East & North Africa,Lower middle income,2005,6.006522384,22.8,168000000,18.93947454,18.87750472,1.383164533,Left,0.689,2,5895.8301,32.013252
Uruguay,URY,Latin America & Caribbean,High income,2005,6.953463646,11.1,20000000,16.81124283,17.89692197,1.573192596,Left,0.756,2,8538.5596,28.662573
United States,USA,North America,High income,2005,11.49698616,15.2,522000000,20.07317815,10.68382785,1.01631151,Right,0.898,2,42329.648,30.435019
South Africa,ZAF,Sub-Saharan Africa,Upper middle income,2005,4.911666439,32.8,267000000,19.40275922,25.74329543,0.31057294,Left,0.614,3,6928.1201,43.470184
Zambia,ZMB,Sub-Saharan Africa,Lower middle income,2005,7.45748503,12.7,0,0,14.7947686,0.320185259,Left,0.48,2,1098.62,57.903137
Angola,AGO,Sub-Saharan Africa,Lower middle income,2006,12.29091474,15,7000000,15.76142071,23.38516999,1.323877319,Left,0.471,2,3277.6001,66.415985
Argentina,ARG,Latin America & Caribbean,Upper middle income,2006,2.96145853,35,9000000,16.01273514,12.8788867,0.599007651,Left,0.787,3,10390.97,62.82383
Australia,AUS,East Asia & Pacific,High income,2006,5.264887018,24.7,727000000,20.40443704,24.5893841,0.472249027,Right,0.911,2,35218.66,16.201643
Austria,AUT,Europe & Central Asia,High income,2006,1.559829535,32.2,4000000,15.20180492,25.05044256,0.981742775,Right,0.861,3,33538.41,19.152445
Belgium,BEL,Europe & Central Asia,High income,2006,2.16969628,34.7,27000000,17.11134742,25.28775048,0.863028713,Right,0.896,3,29643.051,27.125887
Bangladesh,BGD,South Asia,Lower middle income,2006,9.774356132,15.1,221000000,19.21367326,7.043304058,0.402722563,Right,0.513,2,1275.74,66.017349
Belarus,BLR,Europe & Central Asia,Upper middle income,2006,35.0219695,29.1,140000000,18.75715298,22.22309662,3.674544582,Left,0.741,2,10430.78,46.740192
Bolivia,BOL,Latin America & Caribbean,Lower middle income,2006,5.254603244,16.9,9000000,16.01273514,16.81616822,1.89411271,Left,0.63,2,3149.71,65.879272
Brazil,BRA,Latin America & Caribbean,Upper middle income,2006,3.777767427,8.8,179000000,19.00289636,15.38131159,0.829659249,Left,0.702,2,7630.0298,58.68618
Canada,CAN,North America,High income,2006,2.903522128,20.8,104000000,18.45990146,13.38728474,0.357333349,Left,0.895,2,34670.43,24.908104
Chile,CHL,Latin America & Caribbean,High income,2006,13.37993141,15,1095000000,20.8140202,19.49190685,1.425529377,Left,0.788,2,12554.15,35.690712
China,CHN,East Asia & Pacific,Upper middle income,2006,10.95633255,20.3,2862000000,21.77478652,9.057253983,0.470592605,Left,0.661,2,5793.6001,50.184952
Cyprus,CYP,Europe & Central Asia,High income,2006,4.856230032,14.3,26000000,17.0736071,41.53925794,2.022238985,Right,0.837,2,21152.08,31.114044
Cyprus,CYP,Europe & Central Asia,High income,2006,4.856230032,14.3,26000000,17.0736071,41.53925794,2.022238985,Right,NA,NA,NA,NA
Czech Republic,CZE,Europe & Central Asia,High income,2006,3.810541242,15.5,45000000,17.62217305,14.08293332,0.501332774,Left,0.843,2,20528.42,52.840111
Germany,DEU,Europe & Central Asia,High income,2006,2.838646349,31.6,409000000,19.82922571,10.85166955,0.591219141,Right,0.911,3,32061.381,18.576645
Germany,DEU,Europe & Central Asia,High income,2006,2.838646349,31.6,409000000,19.82922571,10.85166955,0.591219141,Right,NA,NA,NA,NA
Denmark,DNK,Europe & Central Asia,High income,2006,2.764396981,36.9,83000000,18.23435117,31.86029116,1.023464283,Right,0.905,3,33358.949,7.737587
Spain,ESP,Europe & Central Asia,High income,2006,3.563780303,36,315000000,19.5680832,16.18811284,1.013698167,Left,0.848,3,27749.73,34.976505
Estonia,EST,Europe & Central Asia,High income,2006,5.532055519,18.8,7000000,15.76142071,19.9716505,1.009484831,Center,0.832,2,16130.93,34.243256
Finland,FIN,Europe & Central Asia,High income,2006,2.988710315,38,136000000,18.72816544,21.42026756,1.202502106,Center,0.899,3,31123.32,8.9155407
France,FRA,Europe & Central Asia,High income,2006,4.447093737,12.2,67000000,18.02020318,22.68494295,1.218120806,Right,0.874,2,29193.949,25.3922
France,FRA,Europe & Central Asia,High income,2006,4.447093737,12.2,67000000,18.02020318,22.68494295,1.218120806,Right,NA,NA,NA,NA
United Kingdom,GBR,Europe & Central Asia,High income,2006,5.616818498,19.7,308000000,19.54561034,25.54411315,0.583146793,Left,0.889,2,31894.4,19.485136
Greece,GRC,Europe & Central Asia,High income,2006,6.169372889,13,721000000,20.3961497,19.97920072,3.179974928,Right,0.851,2,23888.609,47.810627
Hungary,HUN,Europe & Central Asia,High income,2006,2.379132697,10.4,253000000,19.34890005,19.73343065,1.022142629,Left,0.811,2,15786.17,48.287888
India,IND,South Asia,Lower middle income,2006,9.478411784,8.3,1488000000,21.12069877,11.12933705,0.570648335,Left,0.545,2,2685.8601,49.280136
Ireland,IRL,Europe & Central Asia,High income,2006,1.515475772,13.3,13000000,16.38045992,26.80739475,0.446014614,Center,0.902,2,43592.898,20.785849
Israel,ISR,Middle East & North Africa,High income,2006,17.4896524,14.2,1122000000,20.83837864,26.0762675,5.834261559,Right,0.872,2,23063.359,30.457153
Italy,ITA,Europe & Central Asia,High income,2006,3.202802997,17.3,433000000,19.88624829,22.06401188,1.802061485,Right,0.862,2,29021.93,44.951427
Jamaica,JAM,Latin America & Caribbean,Upper middle income,2006,1.90467075,11.7,10000000,16.11809565,24.01438994,0.236541386,Left,0.7,2,4411.0098,53.210327
Japan,JPN,East Asia & Pacific,High income,2006,2.69156521,9.4,479000000,19.98721116,10.51274133,0.377233887,Right,0.877,2,31698.27,28.407694
Cambodia,KHM,East Asia & Pacific,Lower middle income,2006,8.053344093,9.8,14000000,16.45456789,8.178822069,2.696015881,Left,0.502,2,1776.16,58.741596
"Korea, Rep.",KOR,East Asia & Pacific,High income,2006,12.28354713,13.4,1651000000,21.224647,14.28949254,2.822085379,Center,0.862,2,25264.711,38.336208
Lesotho,LSO,Sub-Saharan Africa,Lower middle income,2006,4.712070328,11.7,1000000,13.81551056,33.91959335,0.227778758,Left,0.466,2,1398.0601,54.186398
Lithuania,LTU,Europe & Central Asia,High income,2006,3.450268274,24.8,52000000,17.76675428,20.46218072,1.587496875,Left,0.817,3,14602.11,49.88533
Latvia,LVA,Europe & Central Asia,High income,2006,5.063881215,19,9000000,16.01273514,22.26055016,1.518313993,Center,0.809,2,13140.17,49.458843
Morocco,MAR,Middle East & North Africa,Lower middle income,2006,11.0609042,10.8,47000000,17.66565816,21.45102144,2.279907803,Left,0.586,2,3084.22,51.570805
North Macedonia,MKD,Europe & Central Asia,Upper middle income,2006,5.839000351,28.3,0,0,18.08266169,2.126571284,Left,0.708,2,7348.6499,50.987461
Namibia,NAM,Sub-Saharan Africa,Upper middle income,2006,9.459747987,26.9,72000000,18.09217668,29.67155273,2.172807746,Left,0.56,2,4481.7002,44.565933
Netherlands,NLD,Europe & Central Asia,High income,2006,3.306956179,36.7,317000000,19.57441233,21.60001095,0.5320204,Right,0.897,3,36374.93,16.355326
Norway,NOR,Europe & Central Asia,High income,2006,3.604696805,37.9,555000000,20.13447867,28.90944752,0.648840846,Left,0.936,3,58181.672,13.411894
New Zealand,NZL,East Asia & Pacific,High income,2006,3.529273822,32.2,5000000,15.42494847,31.96581296,0.403589254,Left,0.891,2,24368.25,9.3771019
Peru,PER,Latin America & Caribbean,Upper middle income,2006,7.704450329,29.2,193000000,19.07820075,15.6699876,1.362260874,Center,0.695,2,6132.7598,56.834335
Philippines,PHL,East Asia & Pacific,Lower middle income,2006,6.886946066,15.3,23000000,16.95100477,13.71187088,0.425292855,Center,0.651,2,3057.0701,63.122547
Poland,POL,Europe & Central Asia,High income,2006,4.298974078,20.4,463000000,19.95323761,17.18591095,0.854278945,Right,0.814,2,13796.17,47.224098
Portugal,PRT,Europe & Central Asia,High income,2006,4.319059927,21.3,220000000,19.2091381,21.06442031,1.645590451,Left,0.803,2,20696.42,33.766365
Russian Federation,RUS,Europe & Central Asia,Upper middle income,2006,11.20653403,9.8,4000000,15.20180492,16.56821576,1.941012783,Center,0.759,2,13485.86,58.488922
Slovenia,SVN,Europe & Central Asia,High income,2006,3.674237262,12.2,3000000,14.91412285,20.8938601,1.07252617,Center,0.869,2,21664.93,37.186649
Sweden,SWE,Europe & Central Asia,High income,2006,2.652579739,47.3,129000000,18.67532296,28.48367761,0.517879909,Left,0.902,3,32744.859,11.87645
Tunisia,TUN,Middle East & North Africa,Lower middle income,2006,6.033916849,22.8,2000000,14.50865774,18.51010868,1.374462206,Left,0.695,2,6047.46,31.853041
United States,USA,North America,High income,2006,11.45008517,16.3,631000000,20.26281642,11.31127437,0.972878941,Right,0.901,2,43056.73,30.429461
South Africa,ZAF,Sub-Saharan Africa,Upper middle income,2006,4.67786712,32.8,785000000,20.48119428,27.26987061,0.550734313,Left,0.616,3,7171.8301,43.451313
Zambia,ZMB,Sub-Saharan Africa,Lower middle income,2006,8.194674622,14.6,28000000,17.14771507,13.7115293,0.314880608,Left,0.492,2,1195.26,57.962643
Angola,AGO,Sub-Saharan Africa,Lower middle income,2007,8.167263888,15,31000000,17.24949776,21.49916056,1.358650528,Left,0.492,2,3893.8601,66.639931
Argentina,ARG,Latin America & Caribbean,Upper middle income,2007,2.682499792,40,24000000,16.99356439,12.44826845,0.598059782,Left,0.792,3,11085.86,63.42622
Australia,AUS,East Asia & Pacific,High income,2007,5.284417927,26.7,677000000,20.33318183,24.0931057,0.50145568,Right,0.915,2,35117.73,16.012753
Austria,AUT,Europe & Central Asia,High income,2007,1.828642124,32.8,269000000,19.41022194,25.39199432,0.84080529,Left,0.881,3,33466.711,18.961386
Belgium,BEL,Europe & Central Asia,High income,2007,2.268518519,35.3,174000000,18.97456586,24.78853753,0.825786037,Right,0.899,3,29519.59,26.903112
Bolivia,BOL,Latin America & Caribbean,Lower middle income,2007,5.165244537,16.9,2000000,14.50865774,16.9648658,1.882132261,Left,0.631,2,3178.1699,66.153999
Brazil,BRA,Latin America & Caribbean,Upper middle income,2007,3.896508606,9,189000000,19.05725757,15.77553383,0.783407358,Left,0.705,2,7962.9302,58.901806
Canada,CAN,North America,High income,2007,3.078451539,21.3,446000000,19.91582951,13.36941352,0.350258365,Right,0.897,2,34724.012,24.218712
Chile,CHL,Latin America & Caribbean,High income,2007,12.07348418,15,662000000,20.31077611,20.25693262,1.383966254,Left,0.795,3,12729.7,35.945992
China,CHN,East Asia & Pacific,Upper middle income,2007,10.53802161,20.6,1654000000,21.22646243,9.771406923,0.375197633,Left,0.675,1,6408.4102,50.09145
"Congo, Rep.",COG,Sub-Saharan Africa,Lower middle income,2007,6.704591799,7.3,0,0,6.297847296,0.769910857,Left,0.52,2,2099.7,64.152451
Cyprus,CYP,Europe & Central Asia,High income,2007,4.484645789,14.3,17000000,16.6487239,48.56342169,1.965894025,Right,0.846,2,21083.32,30.994686
Cyprus,CYP,Europe & Central Asia,High income,2007,4.484645789,14.3,17000000,16.6487239,48.56342169,1.965894025,Right,NA,NA,NA,NA
Germany,DEU,Europe & Central Asia,High income,2007,2.889136697,31.6,75000000,18.13299867,11.33404013,0.582515436,Right,0.915,3,33240.379,18.42853
Germany,DEU,Europe & Central Asia,High income,2007,2.889136697,31.6,75000000,18.13299867,11.33404013,0.582515436,Right,NA,NA,NA,NA
Denmark,DNK,Europe & Central Asia,High income,2007,2.636034502,38,146000000,18.79911718,35.09300117,1.023631558,Right,0.904,3,33341.23,7.6197982
Spain,ESP,Europe & Central Asia,High income,2007,3.475649162,36.6,339000000,19.64151067,16.80682895,0.988525314,Left,0.853,3,28796.74,35.261368
Estonia,EST,Europe & Central Asia,High income,2007,5.861321777,20.8,19000000,16.75994954,20.22618453,1.011510995,Center,0.839,2,17238.971,34.184425
Finland,FIN,Europe & Central Asia,High income,2007,2.758349017,41.5,108000000,18.49764179,21.06515139,1.18937531,Center,0.901,3,32773,8.8132448
France,FRA,Europe & Central Asia,High income,2007,4.338363547,18.2,74000000,18.11957565,22.26269213,1.204834575,Right,0.876,2,30031.4,25.718214
France,FRA,Europe & Central Asia,High income,2007,4.338363547,18.2,74000000,18.11957565,22.26269213,1.204834575,Right,NA,NA,NA,NA
United Kingdom,GBR,Europe & Central Asia,High income,2007,5.633384181,19.5,776000000,20.46966308,25.69374141,0.512098339,Left,0.892,2,31695.52,19.874678
Ghana,GHA,Sub-Saharan Africa,Lower middle income,2007,2.058913917,10.9,16000000,16.58809928,13.87798455,0.144276842,Right,0.53,2,1777.1899,55.513836
Greece,GRC,Europe & Central Asia,High income,2007,5.692243079,14.7,1713000000,21.26151206,20.24284254,3.179897046,Right,0.849,2,23735.09,48.652191
Croatia,HRV,Europe & Central Asia,High income,2007,3.623297407,20.9,19000000,16.75994954,21.21463862,1.084395395,Right,0.8,2,16126.38,50.536926
Hungary,HUN,Europe & Central Asia,High income,2007,2.551276988,11.1,196000000,19.09362522,21.37195104,0.863024284,Left,0.813,2,15525.79,48.984642
India,IND,South Asia,Lower middle income,2007,8.851183549,9.1,2267000000,21.54172321,12.10834699,0.565150804,Left,0.556,2,2894.51,50.055096
Ireland,IRL,Europe & Central Asia,High income,2007,1.415801737,13.3,19000000,16.75994954,25.91960891,0.43000599,Center,0.908,2,45263.691,20.544001
Israel,ISR,Middle East & North Africa,High income,2007,16.38916337,14.2,832000000,20.539343,26.02054539,5.672021055,Right,0.881,2,22791.25,30.388029
Italy,ITA,Europe & Central Asia,High income,2007,3.102740972,17.3,525000000,20.07890882,22.30345078,1.787361827,Left,0.866,2,29996.77,46.745441
Jamaica,JAM,Latin America & Caribbean,Upper middle income,2007,2.014852383,13.3,13000000,16.38045992,24.78654643,0.233944214,Left,0.705,2,4025.9399,53.405453
Japan,JPN,East Asia & Pacific,High income,2007,2.639443085,9.4,517000000,20.06355343,10.10618629,0.360422242,Right,0.88,2,32158.619,28.494064
Cambodia,KHM,East Asia & Pacific,Lower middle income,2007,6.349891923,19.5,56000000,17.84086225,9.696979265,2.595155944,Left,0.513,2,1759.26,58.519611
"Korea, Rep.",KOR,East Asia & Pacific,High income,2007,12.0736497,14.4,1755000000,21.28573469,15.47643564,2.793359909,Center,0.869,2,25992.41,37.740952
Lithuania,LTU,Europe & Central Asia,High income,2007,3.229419539,22.7,4000000,15.20180492,20.34870279,1.587956935,Left,0.825,2,15311.09,50.032593
Latvia,LVA,Europe & Central Asia,High income,2007,4.707140947,20,51000000,17.74733619,21.71875048,1.496452527,Center,0.818,2,14028.7,49.656017
Morocco,MAR,Middle East & North Africa,Lower middle income,2007,10.65254246,10.5,27000000,17.11134742,23.90540285,2.244382407,Left,0.594,2,3052.6399,51.315273
Namibia,NAM,Sub-Saharan Africa,Upper middle income,2007,10.00918374,26.9,6000000,15.60727003,30.90927303,2.117125001,Left,0.568,2,4372.96,44.135612
Nicaragua,NIC,Latin America & Caribbean,Lower middle income,2007,2.490338908,18.5,14000000,16.45456789,13.86210515,0.610066445,Left,0.607,2,2286.1299,61.903961
Netherlands,NLD,Europe & Central Asia,High income,2007,3.260844212,39.3,237000000,19.2835707,21.59520003,0.466109677,Right,0.904,3,37471.102,15.684744
Norway,NOR,Europe & Central Asia,High income,2007,3.586958673,36.1,593000000,20.20070496,28.19971126,0.752965794,Left,0.938,3,57204.52,13.842703
New Zealand,NZL,East Asia & Pacific,High income,2007,3.432280092,33.1,81000000,18.20995971,30.08199266,0.397285393,Left,0.894,2,24717.26,8.9239616
Peru,PER,Latin America & Caribbean,Upper middle income,2007,7.01300335,29.2,172000000,18.96300503,16.40746835,1.305036624,Left,0.703,2,6637.6602,56.891071
Philippines,PHL,East Asia & Pacific,Lower middle income,2007,7.102038322,20.5,16000000,16.58809928,13.53488654,0.414726609,Center,0.657,2,3121.6101,62.668156
Poland,POL,Europe & Central Asia,High income,2007,4.633065962,20.4,990000000,20.7132155,18.1252184,0.819474216,Right,0.819,2,14957.6,46.773087
Portugal,PRT,Europe & Central Asia,High income,2007,4.083380267,28.3,60000000,17.90985512,21.3293353,1.639164134,Left,0.81,2,20998.82,34.134689
Russian Federation,RUS,Europe & Central Asia,Upper middle income,2007,9.78733726,14,100000000,18.42068074,16.55131306,1.954792458,Center,0.767,2,15725.59,58.734337
Slovak Republic,SVK,Europe & Central Asia,High income,2007,4.075415703,19.3,0,0,16.68682815,0.641464895,Left,0.814,2,16985.961,54.718906
Slovenia,SVN,Europe & Central Asia,High income,2007,3.636938556,12.2,2000000,14.50865774,20.074751,1.153659793,Center,0.873,2,22546.609,37.368935
Sweden,SWE,Europe & Central Asia,High income,2007,2.705669224,47,51000000,17.74733619,28.44137144,0.364781733,Right,0.905,3,33895.629,10.878274
Trinidad and Tobago,TTO,Latin America & Caribbean,High income,2007,2.253419911,26.8,6000000,15.60727003,25.99529034,0.602473152,Right,0.768,3,18952.18,56.08778
Uruguay,URY,Latin America & Caribbean,High income,2007,6.143325385,12.1,3000000,14.91412285,18.41050909,1.557077096,Left,0.762,2,9125.1904,28.068554
United States,USA,North America,High income,2007,11.25130551,16.8,820000000,20.5248149,11.30738779,1.001494978,Left,0.905,2,43499.891,31.039267
South Africa,ZAF,Sub-Saharan Africa,Upper middle income,2007,4.333121676,33,954000000,20.67617423,27.59603925,0.3300482,Left,0.621,3,7404.1201,43.598259
Zambia,ZMB,Sub-Saharan Africa,Lower middle income,2007,8.294227853,15.2,4000000,15.20180492,14.08251458,0.309323214,Left,0.503,2,1532.7,57.752701
Angola,AGO,Sub-Saharan Africa,Lower middle income,2008,6.784488352,37.3,29000000,17.18280639,25.65014974,1.309813853,Left,0.502,2,3654.51,66.864944
Argentina,ARG,Latin America & Caribbean,Upper middle income,2008,2.479521118,40,23000000,16.95100477,13.31784636,0.597009562,Left,0.795,3,11522.61,64.218948
Australia,AUS,East Asia & Pacific,High income,2008,5.126110534,26.7,445000000,19.91358484,24.25531698,0.488549163,Left,0.92,3,33565.898,16.144802
Austria,AUT,Europe & Central Asia,High income,2008,1.745914732,27.3,190000000,19.06253463,26.07751972,0.831474987,Left,0.884,3,33553.02,19.394646
Belgium,BEL,Europe & Central Asia,High income,2008,2.414240537,35.3,203000000,19.12871654,25.25317483,0.818254031,Right,0.899,3,29449.859,26.692417
Brazil,BRA,Latin America & Caribbean,Upper middle income,2008,3.853875706,9,180000000,19.00846741,15.49281373,0.770600058,Left,0.716,2,8234.7803,58.751335
Canada,CAN,North America,High income,2008,3.212136823,22.1,398000000,19.80196256,12.42102627,0.344630965,Right,0.899,3,33006.82,22.174761
Chile,CHL,Latin America & Caribbean,High income,2008,11.85644955,15,397000000,19.79944684,18.71185961,1.325728201,Left,0.806,3,12704.09,36.345104
China,CHN,East Asia & Pacific,Upper middle income,2008,8.375973894,21.3,1856000000,21.34168947,10.10142693,0.374320108,Left,0.685,2,6621.6001,49.173218
Colombia,COL,Latin America & Caribbean,Upper middle income,2008,13.92629588,8.4,110000000,18.51599092,13.05717289,1.976260163,Right,0.71,2,7166.9302,56.810661
Germany,DEU,Europe & Central Asia,High income,2008,2.940638942,32.2,285000000,19.46799974,11.45910646,0.58245182,Right,0.917,3,33715.328,18.535418
Germany,DEU,Europe & Central Asia,High income,2008,2.940638942,32.2,285000000,19.46799974,11.45910646,0.58245182,Right,NA,NA,NA,NA
Denmark,DNK,Europe & Central Asia,High income,2008,2.687926355,38,93000000,18.34811005,33.42154071,1.01254578,Right,0.909,3,32774.738,7.8221989
Spain,ESP,Europe & Central Asia,High income,2008,3.303150489,36.3,349000000,19.67058248,13.33722684,0.966603544,Left,0.856,3,29025.189,35.681652
Finland,FIN,Europe & Central Asia,High income,2008,2.890481086,41.5,135000000,18.72078534,20.49108177,1.177037903,Center,0.904,3,33491.578,9.122859
France,FRA,Europe & Central Asia,High income,2008,4.243619927,18.2,5000000,15.42494847,22.14848573,1.196493359,Right,0.878,3,29865.109,27.115934
France,FRA,Europe & Central Asia,High income,2008,4.243619927,18.2,5000000,15.42494847,22.14848573,1.196493359,Right,NA,NA,NA,NA
United Kingdom,GBR,Europe & Central Asia,High income,2008,5.581220262,19.5,490000000,20.00991595,26.25195685,0.50544045,Left,0.896,1,30728.17,20.661009
Greece,GRC,Europe & Central Asia,High income,2008,5.866906153,14.7,493000000,20.01601973,20.21361262,3.175121562,Right,0.857,2,24680.189,50.733528
Guatemala,GTM,Latin America & Caribbean,Upper middle income,2008,3.119068269,12,0,0,11.27381462,0.67983461,Left,0.598,2,3804.6799,58.210426
Honduras,HND,Latin America & Caribbean,Lower middle income,2008,3.612305561,23.4,0,0,16.13051598,0.660978506,Right,0.59,2,2768.71,59.018456
Croatia,HRV,Europe & Central Asia,High income,2008,4.113640311,20.9,99000000,18.41063041,20.76192322,1.133442212,Right,0.803,2,16850.061,51.318417
Hungary,HUN,Europe & Central Asia,High income,2008,2.439158738,11.1,5000000,15.42494847,23.22979098,0.868805243,Left,0.818,2,15877.8,49.958096
India,IND,South Asia,Lower middle income,2008,8.888783643,9.1,1845000000,21.33574511,10.97717215,0.563915997,Left,0.564,2,3111.22,50.223454
Ireland,IRL,Europe & Central Asia,High income,2008,1.376472836,13.3,22000000,16.90655301,23.74938733,0.425978195,Center,0.908,2,41669.891,19.977003
Israel,ISR,Middle East & North Africa,High income,2008,15.62823221,14.2,676000000,20.33170363,23.75891834,5.560805758,Right,0.88,2,22298.98,29.803663
Italy,ITA,Europe & Central Asia,High income,2008,3.221583165,21.3,224000000,19.22715661,21.81816761,1.764462114,Left,0.868,2,30598.09,49.62188
Jamaica,JAM,Latin America & Caribbean,Upper middle income,2008,2.699706158,13.3,2000000,14.50865774,24.68475662,0.231365799,Right,0.708,2,3864.8601,53.261456
Japan,JPN,East Asia & Pacific,High income,2008,2.632027758,9.4,691000000,20.35365038,8.931591654,0.360657409,Right,0.881,2,32305.01,27.721508
"Korea, Rep.",KOR,East Asia & Pacific,High income,2008,12.50409288,13.7,1683000000,21.24384375,15.1477747,2.776350819,Center,0.874,2,26986.75,38.266281
Lithuania,LTU,Europe & Central Asia,High income,2008,3.051891872,17.7,27000000,17.11134742,20.45934789,1.586883876,Left,0.831,2,15594.01,50.251183
Latvia,LVA,Europe & Central Asia,High income,2008,4.46388515,20,44000000,17.59970019,20.7963445,0.434597432,Center,0.821,2,14583.27,50.050766
Morocco,MAR,Middle East & North Africa,Lower middle income,2008,10.41111887,10.5,46000000,17.64415195,26.49262558,2.214353167,Left,0.602,2,3211.1399,51.166763
Mexico,MEX,Latin America & Caribbean,Upper middle income,2008,1.604647837,23.2,22000000,16.90655301,10.02376741,0.642062846,Right,0.742,2,12193.62,57.631229
Mali,MLI,Sub-Saharan Africa,Low income,2008,7.727228823,10.2,3000000,14.91412285,11.89578767,0.227709948,Center,0.39,2,851.38,63.648186
Namibia,NAM,Sub-Saharan Africa,Upper middle income,2008,11.04912845,26.9,66000000,18.0051653,30.08915621,2.064958074,Left,0.575,3,4199.27,43.091461
Netherlands,NLD,Europe & Central Asia,High income,2008,3.083132913,41.3,154000000,18.85246316,21.14391577,0.526130613,Right,0.906,3,37447.32,15.547801
Norway,NOR,Europe & Central Asia,High income,2008,3.47750346,36.1,616000000,20.23875752,27.92462094,0.73112889,Left,0.938,3,53019.371,14.538929
New Zealand,NZL,East Asia & Pacific,High income,2008,3.233994226,33.6,2000000,14.50865774,31.49015389,0.393579752,Left,0.894,3,23591.01,8.423173
Philippines,PHL,East Asia & Pacific,Lower middle income,2008,6.991269075,20.5,10000000,16.11809565,13.58939442,0.404124745,Center,0.661,2,3220.1299,63.509697
Portugal,PRT,Europe & Central Asia,High income,2008,4.051027832,28.3,144000000,18.78532386,21.00493124,1.640891744,Left,0.814,2,21114.141,34.994118
El Salvador,SLV,Latin America & Caribbean,Lower middle income,2008,4.195973805,16.7,3000000,14.91412285,17.06020329,1.299743242,Right,0.659,2,172.56,53.490456
Slovak Republic,SVK,Europe & Central Asia,High income,2008,3.956834532,19.3,0,0,16.38271981,0.633892675,Left,0.822,2,18483.27,55.813118
Sweden,SWE,Europe & Central Asia,High income,2008,2.389304388,47,53000000,17.78580247,26.95232435,0.359757009,Right,0.901,3,33521.879,10.044792
Tunisia,TUN,Middle East & North Africa,Lower middle income,2008,5.197464296,22.8,3000000,14.91412285,20.50181118,1.319685585,Left,0.707,2,6259.2402,31.557701
Uruguay,URY,Latin America & Caribbean,High income,2008,6.509756698,12.1,78000000,18.17221938,18.24184127,1.533431773,Left,0.766,3,9707.0303,27.609869
United States,USA,North America,High income,2008,11.4200535,17,951000000,20.67302462,10.31601226,0.980577067,Left,0.91,2,42843.102,30.298288
South Africa,ZAF,Sub-Saharan Africa,Upper middle income,2008,3.996447537,33,493000000,20.01601973,26.81321687,0.31898972,Left,0.633,3,7513.6899,44.046387
Zambia,ZMB,Sub-Saharan Africa,Lower middle income,2008,7.978397426,15.2,2000000,14.50865774,13.25930378,0.303559117,Left,0.517,2,1526.1801,57.125069
Angola,AGO,Sub-Saharan Africa,Lower middle income,2009,10.46414628,38.6,20000000,16.81124283,18.36108008,1.26183809,Left,0.522,2,4330.3301,67.079185
Argentina,ARG,Latin America & Caribbean,Upper middle income,2009,2.56782822,38.5,11000000,16.21340583,12.38304156,0.570774289,Left,0.799,3,11698.33,64.317459
Australia,AUS,East Asia & Pacific,High income,2009,5.088657196,27.3,777000000,20.47095091,22.04365371,0.49204212,Left,0.921,3,35287.059,16.562483
Austria,AUT,Europe & Central Asia,High income,2009,1.539275409,27.9,286000000,19.47150237,25.22516524,0.608446125,Left,0.886,2,33084.078,19.651274
Belgium,BEL,Europe & Central Asia,High income,2009,2.142259591,38,90000000,18.31532023,23.77797045,0.824554955,Right,0.899,3,29817.961,26.132219
Belarus,BLR,Europe & Central Asia,Upper middle income,2009,25.67714713,31.8,3000000,14.91412285,18.62947063,3.611351892,Left,0.784,3,13249.45,45.171749
Brazil,BRA,Latin America & Caribbean,Upper middle income,2009,4.146426261,8.8,156000000,18.86536657,14.41753153,0.747712366,Left,0.718,2,8189.6699,58.090317
Botswana,BWA,Sub-Saharan Africa,Upper middle income,2009,5.98189415,7.9,13000000,16.38045992,27.28605335,1.313159863,Right,0.648,2,9936.3301,31.545435
Canada,CAN,North America,High income,2009,3.172574511,22.1,101000000,18.43063107,12.33554405,0.351376284,Right,0.899,2,32612.34,20.067089
Chile,CHL,Latin America & Caribbean,High income,2009,9.11489406,14.2,335000000,19.62964109,14.5230955,1.315468054,Left,0.804,2,12761.18,35.20932
China,CHN,East Asia & Pacific,Upper middle income,2009,8.091913916,21.3,1381000000,21.04607371,10.30944303,0.381583891,Left,0.694,1,7106.6499,48.25333
Colombia,COL,Latin America & Caribbean,Upper middle income,2009,13.08629747,8.4,248000000,19.3289393,12.66997734,2.001506153,Right,0.715,2,7301.9399,57.870586
Cabo Verde,CPV,Sub-Saharan Africa,Lower middle income,2009,1.468904158,18.1,2000000,14.50865774,18.42064171,0.558812709,Left,0.626,2,3085.1499,37.225201
Germany,DEU,Europe & Central Asia,High income,2009,2.919325764,32.8,339000000,19.64151067,11.62679445,0.599401559,Right,0.917,3,31856.561,18.266731
Germany,DEU,Europe & Central Asia,High income,2009,2.919325764,32.8,339000000,19.64151067,11.62679445,0.599401559,Right,NA,NA,NA,NA
Denmark,DNK,Europe & Central Asia,High income,2009,2.38816149,38,130000000,18.68304501,33.18383922,0.633581263,Right,0.906,3,32949.09,7.4605312
Dominican Republic,DOM,Latin America & Caribbean,Upper middle income,2009,4.107899999,19.7,10000000,16.11809565,12.63590935,1.066528423,Center,0.696,2,8344.9902,66.371017
Spain,ESP,Europe & Central Asia,High income,2009,2.940309958,36.6,231000000,19.25792827,11.10758863,0.953327042,Left,0.858,3,27940.09,36.559162
Finland,FIN,Europe & Central Asia,High income,2009,2.861555171,40,42000000,17.55318018,18.88284263,0.931390538,Center,0.899,3,31316.76,9.2224684
France,FRA,Europe & Central Asia,High income,2009,4.350411132,18.9,76000000,18.1462439,20.83089327,1.1498865,Right,0.878,2,29034.439,26.904329
France,FRA,Europe & Central Asia,High income,2009,4.350411132,18.9,76000000,18.1462439,20.83089327,1.1498865,Right,NA,NA,NA,NA
United Kingdom,GBR,Europe & Central Asia,High income,2009,5.486690792,19.5,376000000,19.7450997,23.94719956,0.560587751,Left,0.899,2,29787.83,19.484415
Greece,GRC,Europe & Central Asia,High income,2009,5.963302038,17.3,1233000000,20.93271606,19.77568016,2.790634654,Right,0.858,2,24564.189,52.493824
Croatia,HRV,Europe & Central Asia,High income,2009,3.789563947,23.5,4000000,15.20180492,19.8995782,1.114919847,Right,0.802,2,16345.41,52.422043
Hungary,HUN,Europe & Central Asia,High income,2009,2.245521477,11.1,4000000,15.20180492,23.29389789,0.977464037,Left,0.818,2,15975.9,50.301014
India,IND,South Asia,Lower middle income,2009,10.31473477,10.8,1863000000,21.34545393,9.809725406,0.570893327,Left,0.57,2,3227.8,50.746906
Ireland,IRL,Europe & Central Asia,High income,2009,1.274560076,13.9,0,0,21.98699547,0.452865021,Center,0.906,2,39897.629,19.245144
Israel,ISR,Middle East & North Africa,High income,2009,16.07146347,18.3,153000000,18.84594848,21.85412847,5.409838901,Right,0.882,2,22545.369,26.776518
Italy,ITA,Europe & Central Asia,High income,2009,3.046485414,21.3,113000000,18.54289838,22.37303408,1.334646348,Right,0.868,2,28834.77,50.824802
Japan,JPN,East Asia & Pacific,High income,2009,2.489860833,11.3,621000000,20.24684164,8.36891038,0.38912769,Right,0.88,2,29838.99,25.096338
Cambodia,KHM,East Asia & Pacific,Lower middle income,2009,6.437014284,21.1,4000000,15.20180492,9.64778105,2.422947299,Left,0.521,2,1784.26,59.572796
"Korea, Rep.",KOR,East Asia & Pacific,High income,2009,12.79445973,14.7,796000000,20.49510974,14.28674756,2.64588049,Right,0.869,2,25800.289,40.585163
Lithuania,LTU,Europe & Central Asia,High income,2009,2.477178622,19.1,27000000,17.11134742,17.01621141,1.657875896,Right,0.822,2,14122.05,49.865929
Luxembourg,LUX,Europe & Central Asia,High income,2009,0.961514921,20,7000000,15.76142071,25.13892804,0.64523838,Center,0.883,2,54969.891,14.530226
Latvia,LVA,Europe & Central Asia,High income,2009,3.248510427,22,11000000,16.21340583,18.78484229,0.519164818,Center,0.818,2,13563.54,50.224541
Morocco,MAR,Middle East & North Africa,Lower middle income,2009,10.81203358,10.5,39000000,17.4790722,23.45630398,2.17185045,Left,0.608,2,3257.1201,51.170738
Mexico,MEX,Latin America & Caribbean,Upper middle income,2009,1.940916163,27.6,59000000,17.893048,9.679796263,0.684272671,Right,0.743,2,11567.48,57.898262
Mali,MLI,Sub-Saharan Africa,Low income,2009,6.21248144,10.2,10000000,16.11809565,12.98622793,0.223252142,Center,0.398,2,891.57001,63.796478
Namibia,NAM,Sub-Saharan Africa,Upper middle income,2009,10.55740433,26.9,15000000,16.52356076,29.44723827,2.040750567,Left,0.583,2,4291.6699,41.839058
Nicaragua,NIC,Latin America & Caribbean,Lower middle income,2009,2.236748465,20.7,14000000,16.45456789,13.13760723,0.493180749,Left,0.615,2,2287.1201,61.98653
Netherlands,NLD,Europe & Central Asia,High income,2009,2.989627195,42,293000000,19.49568317,20.94433473,0.479320731,Right,0.906,3,36444.988,15.584403
Norway,NOR,Europe & Central Asia,High income,2009,3.532409128,39.6,584000000,20.18541154,25.96689041,1.017861252,Left,0.938,3,59640.09,14.03876
New Zealand,NZL,East Asia & Pacific,High income,2009,3.347268207,33.6,56000000,17.84086225,29.59184625,0.420108943,Right,0.898,2,24447.721,7.7535329
Peru,PER,Latin America & Caribbean,Upper middle income,2009,7.11060754,27.5,43000000,17.57671067,14.45652681,1.223779879,Left,0.715,2,7241.1499,56.403484
Philippines,PHL,East Asia & Pacific,Lower middle income,2009,6.259074044,21,1000000,13.81551056,12.22990875,0.440098745,Center,0.659,2,3187.95,64.360596
Portugal,PRT,Europe & Central Asia,High income,2009,4.043533524,27.4,369000000,19.7263072,19.18303243,1.657903368,Left,0.817,2,20735.34,35.920158
Russian Federation,RUS,Europe & Central Asia,Upper middle income,2009,10.19201986,14,8000000,15.8949521,12.95635241,1.965007953,Center,0.771,2,16206.39,60.474419
Slovak Republic,SVK,Europe & Central Asia,High income,2009,3.443877551,18,9000000,16.01273514,15.46693459,0.61862491,Left,0.824,2,18267.67,57.088196
Slovenia,SVN,Europe & Central Asia,High income,2009,3.513318671,14.4,6000000,15.60727003,17.99715107,1.159561398,Left,0.878,2,22130.439,38.453327
Sweden,SWE,Europe & Central Asia,High income,2009,2.278947771,46.4,57000000,17.85856183,26.60664563,0.445584496,Right,0.899,3,31859.289,9.5259571
Tanzania,TZA,Sub-Saharan Africa,Low income,2009,3.808056676,30.7,25000000,17.03438638,11.53417446,0.137570958,Left,0.486,2,1132.9399,58.222893
Uruguay,URY,Latin America & Caribbean,High income,2009,6.135804679,14.1,29000000,17.18280639,18.72222095,1.489512692,Left,0.778,2,9850.21,26.898209
United States,USA,North America,High income,2009,11.25399153,16.8,968000000,20.69074265,7.919453277,0.995204458,Left,0.91,2,40943.77,30.489748
South Africa,ZAF,Sub-Saharan Africa,Upper middle income,2009,3.828540204,44.5,134000000,18.71335036,24.3968023,0.403351087,Left,0.642,3,7350.96,45.421185
Argentina,ARG,Latin America & Caribbean,Upper middle income,2010,2.44287892,38.5,11000000,16.21340583,12.85304269,0.57062221,Left,0.813,3,12553.3,63.530666
Australia,AUS,East Asia & Pacific,High income,2010,5.021545567,24.7,1511000000,21.13603752,20.52695527,0.483757073,Left,0.923,3,34706.551,16.948822
Austria,AUT,Europe & Central Asia,High income,2010,1.554324604,27.9,7000000,15.76142071,25.28163551,0.602306808,Left,0.895,3,34021.691,19.051512
Belgium,BEL,Europe & Central Asia,High income,2010,2.033376123,39.3,32000000,17.28124646,24.46424947,0.731185867,Right,0.903,3,30790.359,24.437445
Bulgaria,BGR,Europe & Central Asia,Upper middle income,2010,5.101054991,20.8,8000000,15.8949521,18.45090429,1.911607436,Right,0.779,2,12140.4,57.591061
Brazil,BRA,Latin America & Caribbean,Upper middle income,2010,3.967961262,8.6,319000000,19.58070166,13.62344738,0.748450575,Left,0.727,2,8557.7998,56.132095
Botswana,BWA,Sub-Saharan Africa,Upper middle income,2010,6.165890101,7.9,10000000,16.11809565,23.60443208,1.348098219,Right,0.66,2,11181.66,31.916018
Canada,CAN,North America,High income,2010,2.773406684,22.1,228000000,19.24485619,11.76044487,0.347478383,Right,0.902,2,32726.41,18.029318
Chile,CHL,Latin America & Caribbean,High income,2010,9.6009744,14.2,475000000,19.97882536,17.3565144,1.284686002,Left,0.808,2,13365.24,31.01432
China,CHN,East Asia & Pacific,Upper middle income,2010,7.642047062,21.3,1034000000,20.75670061,10.21204751,0.381353197,Left,0.706,2,7693.1401,47.116119
"Congo, Rep.",COG,Sub-Saharan Africa,Lower middle income,2010,7.229489022,7.3,27000000,17.11134742,7.551216727,0.692563541,Left,0.557,2,2323.72,64.979195
Colombia,COL,Latin America & Caribbean,Upper middle income,2010,12.35314371,12.7,255000000,19.3567741,12.16166442,1.940097469,Right,0.719,2,7451.5098,58.653698
Cyprus,CYP,Europe & Central Asia,High income,2010,4.443622921,12.5,44000000,17.59970019,23.1149202,2.177008739,Left,0.85,2,24297.75,30.442966
Cyprus,CYP,Europe & Central Asia,High income,2010,4.443622921,12.5,44000000,17.59970019,23.1149202,2.177008739,Left,NA,NA,NA,NA
Germany,DEU,Europe & Central Asia,High income,2010,2.864536343,32.8,282000000,19.45741763,11.18366869,0.598522778,Right,0.921,3,33853.16,17.710838
Germany,DEU,Europe & Central Asia,High income,2010,2.864536343,32.8,282000000,19.45741763,11.18366869,0.598522778,Right,NA,NA,NA,NA
Denmark,DNK,Europe & Central Asia,High income,2010,2.467870332,38,17000000,16.6487239,32.73723667,0.635786579,Right,0.91,3,33732.949,7.3899589
Dominican Republic,DOM,Latin America & Caribbean,Upper middle income,2010,4.225192533,20.8,51000000,17.74733619,12.20740113,1.018827415,Center,0.703,2,8885.5303,65.847633
Spain,ESP,Europe & Central Asia,High income,2010,3.01753237,36.6,288000000,19.47847104,13.06589205,0.948749441,Left,0.865,3,27632.711,37.40147
Finland,FIN,Europe & Central Asia,High income,2010,2.739627271,40,52000000,17.76675428,18.60127669,0.932198993,Center,0.903,3,32086.359,8.9611368
France,FRA,Europe & Central Asia,High income,2010,4.1099559470000004,18.9,103000000,18.45023955,22.08943166,1.146151156,Right,0.882,2,29805.91,24.823513
France,FRA,Europe & Central Asia,High income,2010,4.1099559470000004,18.9,103000000,18.45023955,22.08943166,1.146151156,Right,NA,NA,NA,NA
United Kingdom,GBR,Europe & Central Asia,High income,2010,5.324996175,22,491000000,20.01195469,25.14240661,0.543459438,Left,0.905,2,30865.49,17.436115
Greece,GRC,Europe & Central Asia,High income,2010,5.19651649,17.3,641000000,20.27854001,20.21400144,2.911561846,Left,0.856,2,24023.77,53.418854
Croatia,HRV,Europe & Central Asia,High income,2010,3.587011669,23.5,10000000,16.11809565,19.77152564,1.128886427,Right,0.808,2,15879.08,52.468552
Hungary,HUN,Europe & Central Asia,High income,2010,2.095486976,9.1,18000000,16.70588232,22.81113174,0.804426474,Left,0.823,2,16157.64,50.091892
India,IND,South Asia,Lower middle income,2010,9.864230785,10.8,2909000000,21.79107522,10.38803979,0.568388702,Left,0.581,2,3545.52,51.629078
Ireland,IRL,Europe & Central Asia,High income,2010,0.881948519,13.9,5000000,15.42494847,21.79544457,0.459732125,Center,0.909,2,40077.18,18.220264
Israel,ISR,Middle East & North Africa,High income,2010,15.46373073,19.2,67000000,18.02020318,22.49699253,5.280075761,Right,0.887,2,22738.301,24.151966
Italy,ITA,Europe & Central Asia,High income,2010,3.020279977,21.3,115000000,18.56044269,22.16977391,1.470930301,Right,0.87,2,28940.67,49.754887
Jamaica,JAM,Latin America & Caribbean,Upper middle income,2010,2.592130782,13.3,1000000,13.81551056,24.27817173,0.213231505,Right,0.712,2,4180.0801,50.088921
Kazakhstan,KAZ,Europe & Central Asia,Upper middle income,2010,4.51384852,17.8,58000000,17.87595357,15.71238046,0.923391856,Right,0.765,2,12243.16,57.203091
Cambodia,KHM,East Asia & Pacific,Lower middle income,2010,7.142812113,21.1,34000000,17.34187108,10.00304014,2.34770506,Left,0.537,2,1764.3,59.463982
"Korea, Rep.",KOR,East Asia & Pacific,High income,2010,13.22032458,14.7,1282000000,20.9716872,14.04546126,2.6109551,Right,0.884,2,27959.119,42.012493
Lithuania,LTU,Europe & Central Asia,High income,2010,2.1326565,19.1,8000000,15.8949521,16.00980753,1.67838678,Right,0.824,2,14937.78,48.501171
Luxembourg,LUX,Europe & Central Asia,High income,2010,1.167491611,20,7000000,15.76142071,25.01762416,0.635563832,Center,0.889,2,56457.18,13.811256
Latvia,LVA,Europe & Central Asia,High income,2010,2.53951801,20,15000000,16.52356076,19.79002424,0.432768069,Center,0.816,2,13983.52,49.452446
Morocco,MAR,Middle East & North Africa,Lower middle income,2010,10.91352859,10.5,306000000,19.53909566,22.81923338,2.133966196,Left,0.616,2,3370.95,50.322304
Mexico,MEX,Latin America & Caribbean,Upper middle income,2010,2.014484761,26.2,112000000,18.53400943,10.11091331,0.672317648,Right,0.743,2,11877.48,57.570065
Namibia,NAM,Sub-Saharan Africa,Upper middle income,2010,10.50153735,24.4,3000000,14.91412285,25.91213351,1.989255403,Left,0.594,2,4272.0098,41.501671
Netherlands,NLD,Europe & Central Asia,High income,2010,2.817688378,40.7,190000000,19.06253463,20.98619027,0.488179093,Right,0.91,3,37655.43,15.301483
Norway,NOR,Europe & Central Asia,High income,2010,3.421128269,39.6,159000000,18.88441476,26.88692442,0.937640574,Left,0.942,3,55690.871,13.339955
New Zealand,NZL,East Asia & Pacific,High income,2010,3.090528477,33.6,58000000,17.87595357,26.06159031,0.416120866,Right,0.899,3,24177.881,7.021121
Peru,PER,Latin America & Caribbean,Upper middle income,2010,6.982591842,27.5,46000000,17.64415195,15.46657176,1.196536252,Left,0.717,2,7789.9199,56.113895
Philippines,PHL,East Asia & Pacific,Lower middle income,2010,6.377367899,22.1,3000000,14.91412285,12.14699206,0.428885976,Center,0.665,2,3359.74,63.670357
Portugal,PRT,Europe & Central Asia,High income,2010,3.821444276,27.4,892000000,20.60897669,19.73331066,1.645798581,Left,0.822,2,21383.631,36.294048
Paraguay,PRY,Latin America & Caribbean,Upper middle income,2010,5.082442153,12.5,3000000,14.91412285,8.878323961,0.880460759,Left,0.675,2,4210.2998,69.055244
Russian Federation,RUS,Europe & Central Asia,Upper middle income,2010,10.12229333,14,25000000,17.03438638,13.04834885,1.883147907,Center,0.78,2,16558.221,61.308758
Slovak Republic,SVK,Europe & Central Asia,High income,2010,3.016151685,15.3,9000000,16.01273514,14.87694823,0.588763812,Left,0.829,2,18905.449,58.087376
Slovenia,SVN,Europe & Central Asia,High income,2010,3.492236267,14.4,39000000,17.4790722,18.05730217,1.159349193,Left,0.882,2,22333.711,39.067497
Sweden,SWE,Europe & Central Asia,High income,2010,2.421680557,45,51000000,17.74733619,26.72658667,0.428025897,Right,0.905,3,33627.602,9.3748074
Trinidad and Tobago,TTO,Latin America & Caribbean,High income,2010,1.865389667,28.6,24000000,16.99356439,26.24401846,0.61944663,Right,0.775,2,21646.811,51.324577
Tunisia,TUN,Middle East & North Africa,Lower middle income,2010,5.150885151,27.6,7000000,15.76142071,20.13908603,1.256373533,Left,0.716,2,6325.9302,32.546875
Uruguay,URY,Latin America & Caribbean,High income,2010,6.159810467,15.2,20000000,16.81124283,18.88638874,1.48643603,Left,0.773,2,10792.6,25.702513
United States,USA,North America,High income,2010,11.7486702,16.8,1077000000,20.79744524,8.595732842,0.99994634,Left,0.914,2,41627.148,31.525446
South Africa,ZAF,Sub-Saharan Africa,Upper middle income,2010,3.548255699,44.5,180000000,19.00846741,25.04150129,0.409073106,Left,0.649,3,7530.5801,46.459927
Argentina,ARG,Latin America & Caribbean,Upper middle income,2011,2.189869323,37.4,15000000,16.52356076,12.6636277,0.560401208,Left,0.819,3,13322.81,63.992813
Australia,AUS,East Asia & Pacific,High income,2011,4.843035683,24.7,1559000000,21.16731043,20.35031222,0.481164254,Left,0.925,2,34061.648,17.821756
Austria,AUT,Europe & Central Asia,High income,2011,1.554067325,27.9,8000000,15.8949521,25.42798528,0.540030799,Left,0.897,3,34287.57,21.609734
Belgium,BEL,Europe & Central Asia,High income,2011,1.91407006,38,21000000,16.860033,24.91758603,0.699596679,Left,0.904,3,29785.65,23.385162
Bulgaria,BGR,Europe & Central Asia,Upper middle income,2011,4.497936196,20.8,29000000,17.18280639,17.7392303,1.419198546,Right,0.782,2,12321.43,55.807289
Belarus,BLR,Europe & Central Asia,Upper middle income,2011,30.38933764,31.8,75000000,18.13299867,14.50907256,3.099626103,Left,0.798,2,15685.25,44.238598
Brazil,BRA,Latin America & Caribbean,Upper middle income,2011,3.757365685,8.6,314000000,19.56490354,14.2201264,0.749883909,Left,0.731,2,8658.54,55.404907
Canada,CAN,North America,High income,2011,2.870198259,24.8,336000000,19.63262172,11.83153834,0.344874974,Right,0.905,2,32266.58,17.597906
Chile,CHL,Latin America & Caribbean,High income,2011,9.891988335,14.2,326000000,19.60240794,18.85899085,1.241180738,Center,0.814,2,13690.21,27.18207
China,CHN,East Asia & Pacific,Upper middle income,2011,6.790296734,21.3,1102000000,20.82039255,10.31279448,0.379837316,Left,0.714,2,8189.3701,47.676022
Cyprus,CYP,Europe & Central Asia,High income,2011,4.130460802,10.7,41000000,17.52908262,23.21412079,2.177280125,Left,0.853,2,24000.801,32.162106
Cyprus,CYP,Europe & Central Asia,High income,2011,4.130460802,10.7,41000000,17.52908262,23.21412079,2.177280125,Left,NA,NA,NA,NA
Germany,DEU,Europe & Central Asia,High income,2011,2.865369817,32.9,84000000,18.24632736,11.48238762,0.470307056,Right,0.926,3,34833.32,18.009373
Germany,DEU,Europe & Central Asia,High income,2011,2.865369817,32.9,84000000,18.24632736,11.48238762,0.470307056,Right,NA,NA,NA,NA
Dominican Republic,DOM,Latin America & Caribbean,Upper middle income,2011,3.780833111,20.8,12000000,16.30041721,12.29762551,0.96377217,Center,0.706,2,9153.7803,66.040749
Spain,ESP,Europe & Central Asia,High income,2011,2.887941507,36,167000000,18.93350437,12.52600438,0.915580778,Left,0.87,3,27422.93,38.632076
Finland,FIN,Europe & Central Asia,High income,2011,2.754375806,42.5,58000000,17.87595357,20.01787897,0.928702402,Center,0.907,3,32602.801,8.968504
France,FRA,Europe & Central Asia,High income,2011,4.010615345,18.9,48000000,17.68671157,21.95942516,1.113867759,Right,0.884,2,30000.18,24.463961
France,FRA,Europe & Central Asia,High income,2011,4.010615345,18.9,48000000,17.68671157,21.95942516,1.113867759,Right,NA,NA,NA,NA
United Kingdom,GBR,Europe & Central Asia,High income,2011,5.293633806,22.3,360000000,19.70161459,25.62273163,0.51439382,Right,0.899,2,30691.039,16.802359
Greece,GRC,Europe & Central Asia,High income,2011,4.579675457,18.7,81000000,18.20995971,22.07373244,2.921864786,Left,0.852,2,22314.301,54.852497
Honduras,HND,Latin America & Caribbean,Lower middle income,2011,4.365986269,19.5,0,0,14.78797879,0.600457789,Right,0.598,2,2913.8799,57.722263
Croatia,HRV,Europe & Central Asia,High income,2011,3.641133328,23.8,17000000,16.6487239,19.23374412,1.149927065,Right,0.815,2,15896.76,52.446808
Hungary,HUN,Europe & Central Asia,High income,2011,2.114623969,8.8,9000000,16.01273514,21.08593678,0.892000723,Right,0.827,2,16152.94,50.549988
India,IND,South Asia,Lower middle income,2011,9.592769007,11,3596000000,22.00308795,10.17738453,0.572259073,Left,0.591,3,3755.1399,53.691101
Ireland,IRL,Europe & Central Asia,High income,2011,1.174800934,15.1,2000000,14.50865774,21.9701815,0.395201104,Center,0.895,2,40951.379,17.421099
Israel,ISR,Middle East & North Africa,High income,2011,15.71152304,20,85000000,18.25816181,22.75708419,5.208208396,Right,0.892,2,22870.92,25.448746
Italy,ITA,Europe & Central Asia,High income,2011,3.009654176,21.6,298000000,19.51260404,22.14785234,1.505192782,Right,0.875,2,29050.77,50.13533
Kazakhstan,KAZ,Europe & Central Asia,Upper middle income,2011,4.410457704,17.8,62000000,17.94264494,18.25783421,0.80059578,Right,0.772,2,12437.37,57.114674
"Korea, Rep.",KOR,East Asia & Pacific,High income,2011,12.96776957,14.7,1574000000,21.17688599,14.43565579,2.569358058,Right,0.888,2,29271.51,42.910683
Lithuania,LTU,Europe & Central Asia,High income,2011,1.907596609,19.1,1000000,13.81551056,15.52373668,1.561625348,Right,0.828,2,15490.39,48.153515
Morocco,MAR,Middle East & North Africa,Lower middle income,2011,9.75643195,17,1403000000,21.06187864,23.29675614,2.097655507,Left,0.626,2,3528.22,48.961334
Mexico,MEX,Latin America & Caribbean,Upper middle income,2011,1.977873287,26.2,229000000,19.24923256,10.01240267,0.654632636,Right,0.751,2,12005.59,57.172607
Mali,MLI,Sub-Saharan Africa,Low income,2011,6.035626077,10.2,0,0,12.54521403,0.210494767,Center,0.408,2,937.96002,64.362228
Malta,MLT,Middle East & North Africa,High income,2011,1.426285917,8.7,8000000,15.8949521,26.15792725,1.1728518000000001,Right,0.843,2,21255.16,37.904659
Mozambique,MOZ,Sub-Saharan Africa,Low income,2011,2.81357892,39.2,0,0,17.07722631,0.104286656,Left,0.407,3,751.94,58.805828
Namibia,NAM,Sub-Saharan Africa,Upper middle income,2011,9.29145272,24.4,1000000,13.81551056,29.98127587,1.941938591,Left,0.607,2,3988.47,43.951382
Netherlands,NLD,Europe & Central Asia,High income,2011,2.803513174,40.7,134000000,18.71335036,20.22944251,0.489288204,Right,0.921,3,37278.34,14.962985
Norway,NOR,Europe & Central Asia,High income,2011,3.363482475,39.6,606000000,20.22239054,27.72208661,0.931027786,Left,0.943,3,50842.699,13.766042
Nepal,NPL,South Asia,Low income,2011,8.263327853,33.2,3000000,14.91412285,13.25974385,1.095312458,Left,0.535,2,1289.78,60.338066
New Zealand,NZL,East Asia & Pacific,High income,2011,2.943971734,32.2,28000000,17.14771507,25.55528881,0.36329937,Right,0.902,3,23360.619,6.450336
Peru,PER,Latin America & Caribbean,Upper middle income,2011,6.976914596,21.5,63000000,17.95864528,15.96889515,1.187254306,Left,0.729,2,8139.7598,55.676342
Philippines,PHL,East Asia & Pacific,Lower middle income,2011,6.727457756,22.9,63000000,17.95864528,12.38154015,0.414674797,Center,0.67,2,3487.24,61.535053
Portugal,PRT,Europe & Central Asia,High income,2011,4.003994916,28.7,168000000,18.93947454,21.24312402,1.662826942,Left,0.826,2,20946.4,36.827332
Paraguay,PRY,Latin America & Caribbean,Upper middle income,2011,5.328546114,12.5,8000000,15.8949521,9.378146269,0.859107689,Left,0.68,2,4245.73,67.669365
Russian Federation,RUS,Europe & Central Asia,Upper middle income,2011,10.32146099,13.6,10000000,16.11809565,13.91518992,1.793532273,Center,0.789,2,16817.09,61.994434
Slovenia,SVN,Europe & Central Asia,High income,2011,2.815002057,32.2,28000000,17.14771507,17.83916403,1.183090604,Left,0.884,2,21574.43,41.178684
Sweden,SWE,Europe & Central Asia,High income,2011,2.28013391,44.7,191000000,19.06778399,26.04033515,0.426026073,Right,0.906,3,34404.781,10.609191
Trinidad and Tobago,TTO,Latin America & Caribbean,High income,2011,1.889588378,28.6,12000000,16.30041721,25.6437422,0.621255212,Left,0.773,2,19486.02,52.315815
Tunisia,TUN,Middle East & North Africa,Lower middle income,2011,5.329487112,26.7,7000000,15.76142071,21.19310552,1.235556525,Left,0.718,2,6097.6899,36.235081
Tanzania,TZA,Sub-Saharan Africa,Low income,2011,4.785066675,36,78000000,18.17221938,9.793982,0.131651422,Left,0.499,3,1249.39,58.669094
United States,USA,North America,High income,2011,11.84708369,16.8,995000000,20.7182533,9.574003765,0.968004845,Left,0.917,2,42140.191,31.854427
South Africa,ZAF,Sub-Saharan Africa,Upper middle income,2011,3.573081137,42.3,212000000,19.17209683,25.17982275,0.405233552,Left,0.657,3,7780.6401,47.134178
Zambia,ZMB,Sub-Saharan Africa,Lower middle income,2011,6.747653478,11.5,1000000,13.81551056,14.71557758,0.293186662,Left,0.556,2,1690.9,54.687256
Albania,ALB,Europe & Central Asia,Upper middle income,2012,5.267900096,15.7,15000000,16.52356076,17.48323382,1.114993219,Right,0.767,2,NA,56.933338
Argentina,ARG,Latin America & Caribbean,Upper middle income,2012,2.13148645,37.4,3000000,14.91412285,12.95284151,0.554125885,Left,0.818,3,NA,64.608521
Australia,AUS,East Asia & Pacific,High income,2012,4.572221048,24.7,868000000,20.58170227,21.11709698,0.467666285,Left,0.929,2,NA,18.413095
Austria,AUT,Europe & Central Asia,High income,2012,1.520050002,27.9,8000000,15.8949521,25.92819764,0.523812686,Left,0.899,3,NA,25.615789
Belgium,BEL,Europe & Central Asia,High income,2012,1.858378873,38,32000000,17.28124646,25.79275649,0.626234621,Left,0.905,3,NA,23.337942
Bulgaria,BGR,Europe & Central Asia,Upper middle income,2012,4.573565528,22.9,5000000,15.42494847,18.97682483,1.41519186,Right,0.786,2,NA,54.460609
Belarus,BLR,Europe & Central Asia,Upper middle income,2012,31.98342567,26.6,75000000,18.13299867,14.66297503,3.096583821,Left,0.803,2,NA,43.939804
Brazil,BRA,Latin America & Caribbean,Upper middle income,2012,3.703275981,8.6,311000000,19.55530347,13.65145753,0.730302728,Left,0.736,2,NA,56.155727
Botswana,BWA,Sub-Saharan Africa,Upper middle income,2012,6.113756874,7.9,6000000,15.60727003,27.11535993,1.159673833,Right,0.683,2,NA,33.680351
Canada,CAN,North America,High income,2012,2.732734781,24.7,197000000,19.09871429,11.69256444,0.343091354,Right,0.908,2,NA,18.627991
Chile,CHL,Latin America & Caribbean,High income,2012,8.861280029,14.2,62000000,17.94264494,18.99486687,1.253263387,Center,0.819,2,NA,25.969025
China,CHN,East Asia & Pacific,Upper middle income,2012,6.545364946,21.3,1675000000,21.239079,10.2567678,0.384393695,Left,0.722,2,NA,47.976479
Cabo Verde,CPV,Sub-Saharan Africa,Lower middle income,2012,1.60227033,20.8,10000000,16.11809565,17.88198499,0.511831846,Center,0.636,3,NA,37.578789
Costa Rica,CRI,Latin America & Caribbean,Upper middle income,2012,0,38.6,1000000,13.81551056,13.31919766,0.427903687,Left,0.772,3,NA,41.826878
Cyprus,CYP,Europe & Central Asia,High income,2012,3.950042855,10.7,6000000,15.60727003,23.40029928,2.164355192,Left,0.852,2,NA,33.60714
Cyprus,CYP,Europe & Central Asia,High income,2012,3.950042855,10.7,6000000,15.60727003,23.40029928,2.164355192,Left,NA,NA,NA,NA
Germany,DEU,Europe & Central Asia,High income,2012,2.96027108,32.9,136000000,18.72816544,11.62579089,0.4463947,Right,0.928,3,NA,18.663683
Germany,DEU,Europe & Central Asia,High income,2012,2.96027108,32.9,136000000,18.72816544,11.62579089,0.4463947,Right,NA,NA,NA,NA
Denmark,DNK,Europe & Central Asia,High income,2012,2.332529023,39.1,105000000,18.46947091,33.44639821,0.590693622,Left,0.924,3,NA,7.7733951
Spain,ESP,Europe & Central Asia,High income,2012,2.934783087,36,224000000,19.22715661,12.34178289,0.914902678,Right,0.873,3,NA,40.340801
Finland,FIN,Europe & Central Asia,High income,2012,2.733077451,42.5,77000000,18.15931598,20.13559693,0.926483532,Right,0.908,3,NA,9.0137701
France,FRA,Europe & Central Asia,High income,2012,3.91692514,26.9,91000000,18.32637006,22.68250157,1.083176728,Right,0.886,2,NA,25.703741
France,FRA,Europe & Central Asia,High income,2012,3.91692514,26.9,91000000,18.32637006,22.68250157,1.083176728,Right,NA,NA,NA,NA
United Kingdom,GBR,Europe & Central Asia,High income,2012,5.051200172,22.5,578000000,20.17508443,24.85602875,0.519663894,Right,0.898,2,NA,16.56216
Greece,GRC,Europe & Central Asia,High income,2012,4.563622665,21,29000000,17.18280639,23.91007616,2.926172092,Left,0.854,2,NA,55.221771
Guatemala,GTM,Latin America & Caribbean,Upper middle income,2012,3.177151121,13.3,2000000,14.50865774,10.8359592,0.676974389,Right,0.613,2,NA,58.719727
Honduras,HND,Latin America & Caribbean,Lower middle income,2012,4.348228105,19.5,0,0,14.74747232,0.590516076,Right,0.597,2,NA,57.842018
India,IND,South Asia,Lower middle income,2012,9.27261936,11,4395000000,22.20373337,10.83677172,0.588781412,Left,0.6,3,NA,54.27758
Ireland,IRL,Europe & Central Asia,High income,2012,1.223849372,15.1,2000000,14.50865774,22.53824716,0.416835147,Right,0.902,2,NA,16.752132
Israel,ISR,Middle East & North Africa,High income,2012,14.98254682,20,120000000,18.6030023,22.14301751,5.065342924,Right,0.893,2,NA,26.826694
Italy,ITA,Europe & Central Asia,High income,2012,2.828918992,21.4,219000000,19.20458229,23.47037018,1.441429449,Right,0.874,2,NA,50.976288
Kazakhstan,KAZ,Europe & Central Asia,Upper middle income,2012,4.777775325,24.3,94000000,18.35880534,13.31209815,0.79285535,Right,0.781,2,NA,55.088051
Cambodia,KHM,East Asia & Pacific,Lower middle income,2012,7.131897884,20.3,77000000,18.15931598,11.08248635,2.290521456,Left,0.553,2,NA,57.046059
"Korea, Rep.",KOR,East Asia & Pacific,High income,2012,12.70843411,15.7,1078000000,20.79837331,14.7179218,2.531218619,Right,0.89,2,NA,43.451611
Lithuania,LTU,Europe & Central Asia,High income,2012,2.17708236,24.5,1000000,13.81551056,15.56653714,1.573079126,Right,0.831,2,NA,47.371002
Luxembourg,LUX,Europe & Central Asia,High income,2012,0.950860075,21.7,1000000,13.81551056,25.71065373,0.591704383,Center,0.892,3,NA,13.607905
Mexico,MEX,Latin America & Caribbean,Upper middle income,2012,2.059397554,36.8,259000000,19.37233862,9.773015605,0.635437776,Right,0.757,2,NA,57.039368
Mali,MLI,Sub-Saharan Africa,Low income,2012,7.703293462,10.2,9000000,16.01273514,12.99131346,0.131432305,Center,0.408,2,NA,64.403435
Malta,MLT,Middle East & North Africa,High income,2012,1.26890921,8.7,8000000,15.8949521,26.39566475,1.149456302,Right,0.849,2,NA,39.086025
Mozambique,MOZ,Sub-Saharan Africa,Low income,2012,2.954935124,39.2,0,0,19.01307026,0.102263119,Left,0.412,3,NA,59.460842
Malawi,MWI,Sub-Saharan Africa,Low income,2012,2.887170892,22.3,1000000,13.81551056,13.55707479,0.105659495,Right,0.455,2,NA,53.450928
Namibia,NAM,Sub-Saharan Africa,Upper middle income,2012,9.036612722,24.4,57000000,17.85856183,32.93275144,1.892583439,Left,0.617,2,NA,46.999954
Netherlands,NLD,Europe & Central Asia,High income,2012,2.689031931,38.7,363000000,19.70991339,19.40774864,0.483171569,Right,0.921,3,NA,15.207538
Norway,NOR,Europe & Central Asia,High income,2012,3.313851036,39.6,143000000,18.77835519,27.04506296,0.96595821,Left,0.942,3,NA,14.215625
New Zealand,NZL,East Asia & Pacific,High income,2012,3.012079771,32.2,30000000,17.21670794,26.82136875,0.361930499,Right,0.905,3,NA,6.7192268
Peru,PER,Latin America & Caribbean,Upper middle income,2012,7.293350609,21.5,10000000,16.11809565,16.5466871,1.171326513,Left,0.729,2,NA,56.547981
Philippines,PHL,East Asia & Pacific,Lower middle income,2012,6.127201193,22.9,16000000,16.58809928,12.88795126,0.408664911,Center,0.677,2,NA,58.596664
Portugal,PRT,Europe & Central Asia,High income,2012,3.940332114,28.7,40000000,17.50439001,20.89528513,1.675897403,Right,0.829,2,NA,36.932175
Paraguay,PRY,Latin America & Caribbean,Upper middle income,2012,5.161746226,12.5,7000000,15.76142071,9.454565134,0.804651741,Left,0.68,2,NA,67.240463
Russian Federation,RUS,Europe & Central Asia,Upper middle income,2012,10.84155494,13.6,121000000,18.6113011,13.74246826,1.798593879,Center,0.798,2,NA,62.091682
El Salvador,SLV,Latin America & Caribbean,Lower middle income,2012,4.31678214,26.2,2000000,14.50865774,16.18254933,1.229469665,Left,0.67,2,NA,56.974396
Sweden,SWE,Europe & Central Asia,High income,2012,2.28349177,44.7,207000000,19.14822935,25.74504915,0.319759509,Right,0.908,3,NA,13.188382
Trinidad and Tobago,TTO,Latin America & Caribbean,High income,2012,2.6547742,28.6,12000000,16.30041721,26.30222545,0.610095958,Left,0.774,2,NA,53.611732
Tanzania,TZA,Sub-Saharan Africa,Low income,2012,4.685521447,36,115000000,18.56044269,10.43300402,0.128812358,Left,0.506,3,NA,59.392342
United States,USA,North America,High income,2012,11.43684582,18,1196000000,20.90224849,9.797156757,0.942711447,Left,0.918,2,NA,31.85956
South Africa,ZAF,Sub-Saharan Africa,Upper middle income,2012,3.611365306,42.3,132000000,18.69831248,25.58813186,0.316715349,Left,0.664,3,NA,47.978756
